source_file,source_question_id,exam,subject,topic,subtopic,difficulty,language,question,question_hi,english_question,option_a,option_b,option_c,option_d,correct_answer,explanation,status,tags,import_key
IBPS_RRB_PRELIMS_BULK_4000_MCQ_HINDI(1).txt,2001,IBPS RRB Prelims,Simplification,Simplification,,Moderate,Hindi,सरलीकरण करें: (169+6)×20,सरलीकरण करें: (169+6)×20,,3500,3503,3497,3506,A,पहले कोष्ठक: 175; फिर ×20 = 3500।,pending_review,,1d65be346987db1b
IBPS_RRB_PRELIMS_BULK_4000_MCQ_HINDI(1).txt,2002,IBPS RRB Prelims,Simplification,Simplification,,Moderate,Hindi,सरलीकरण करें: 2352÷14−7,सरलीकरण करें: 2352÷14−7,,161,164,158,167,A,2352÷14=168; फिर −7=161।,pending_review,,32f04910293dae71
IBPS_RRB_PRELIMS_BULK_4000_MCQ_HINDI(1).txt,2003,IBPS RRB Prelims,Simplification,Simplification,,Moderate,Hindi,सरलीकरण करें: (83+18)×7,सरलीकरण करें: (83+18)×7,,707,710,704,713,A,पहले कोष्ठक: 101; फिर ×7 = 707।,pending_review,,86ffd2174a69873a
IBPS_RRB_PRELIMS_BULK_4000_MCQ_HINDI(1).txt,2004,IBPS RRB Prelims,Simplification,Simplification,,Moderate,Hindi,सरलीकरण करें: (60+6)×10,सरलीकरण करें: (60+6)×10,,660,663,657,666,A,पहले कोष्ठक: 66; फिर ×10 = 660।,pending_review,,a67c042187e41947
IBPS_RRB_PRELIMS_BULK_4000_MCQ_HINDI(1).txt,2005,IBPS RRB Prelims,Simplification,Simplification,,Moderate,Hindi,सरलीकरण करें: (70+6)×18,सरलीकरण करें: (70+6)×18,,1368,1371,1365,1374,A,पहले कोष्ठक: 76; फिर ×18 = 1368।,pending_review,,158fba5468277fb9
IBPS_RRB_PRELIMS_BULK_4000_MCQ_HINDI(1).txt,2006,IBPS RRB Prelims,Simplification,Simplification,,Moderate,Hindi,सरलीकरण करें: 175+10×15,सरलीकरण करें: 175+10×15,,325,328,322,331,A,पहले गुणा: 10×15=150; फिर जोड़कर 325।,pending_review,,b1aa624155b158e4
IBPS_RRB_PRELIMS_BULK_4000_MCQ_HINDI(1).txt,2007,IBPS RRB Prelims,Simplification,Simplification,,Moderate,Hindi,सरलीकरण करें: 79+2×16,सरलीकरण करें: 79+2×16,,111,114,108,117,A,पहले गुणा: 2×16=32; फिर जोड़कर 111।,pending_review,,18e0e1370c50ddcf
IBPS_RRB_PRELIMS_BULK_4000_MCQ_HINDI(1).txt,2008,IBPS RRB Prelims,Simplification,Simplification,,Moderate,Hindi,सरलीकरण करें: 2805÷17−11,सरलीकरण करें: 2805÷17−11,,154,157,151,160,A,2805÷17=165; फिर −11=154।,pending_review,,59ef28e8d4facb54
IBPS_RRB_PRELIMS_BULK_4000_MCQ_HINDI(1).txt,2009,IBPS RRB Prelims,Simplification,Simplification,,Moderate,Hindi,सरलीकरण करें: 53+6×2,सरलीकरण करें: 53+6×2,,65,68,62,71,A,पहले गुणा: 6×2=12; फिर जोड़कर 65।,pending_review,,ce341b4b88abb0e3
IBPS_RRB_PRELIMS_BULK_4000_MCQ_HINDI(1).txt,2010,IBPS RRB Prelims,Simplification,Simplification,,Moderate,Hindi,सरलीकरण करें: 1539÷9−15,सरलीकरण करें: 1539÷9−15,,156,159,153,162,A,1539÷9=171; फिर −15=156।,pending_review,,be15090aa1a2d439
IBPS_RRB_PRELIMS_BULK_4000_MCQ_HINDI(1).txt,2011,IBPS RRB Prelims,Simplification,Simplification,,Moderate,Hindi,सरलीकरण करें: 99+5×8,सरलीकरण करें: 99+5×8,,139,142,136,145,A,पहले गुणा: 5×8=40; फिर जोड़कर 139।,pending_review,,da998a48f07e1471
IBPS_RRB_PRELIMS_BULK_4000_MCQ_HINDI(1).txt,2012,IBPS RRB Prelims,Simplification,Simplification,,Moderate,Hindi,सरलीकरण करें: 625÷5−7,सरलीकरण करें: 625÷5−7,,118,121,115,124,A,625÷5=125; फिर −7=118।,pending_review,,936757d04528d9aa
IBPS_RRB_PRELIMS_BULK_4000_MCQ_HINDI(1).txt,2013,IBPS RRB Prelims,Simplification,Simplification,,Moderate,Hindi,सरलीकरण करें: 109+5×10,सरलीकरण करें: 109+5×10,,159,162,156,165,A,पहले गुणा: 5×10=50; फिर जोड़कर 159।,pending_review,,a66524f336c92985
IBPS_RRB_PRELIMS_BULK_4000_MCQ_HINDI(1).txt,2014,IBPS RRB Prelims,Simplification,Simplification,,Moderate,Hindi,सरलीकरण करें: 146+6×7,सरलीकरण करें: 146+6×7,,188,191,185,194,A,पहले गुणा: 6×7=42; फिर जोड़कर 188।,pending_review,,97db2bc33833632d
IBPS_RRB_PRELIMS_BULK_4000_MCQ_HINDI(1).txt,2015,IBPS RRB Prelims,Simplification,Simplification,,Moderate,Hindi,सरलीकरण करें: 1818÷18−4,सरलीकरण करें: 1818÷18−4,,97,100,94,103,A,1818÷18=101; फिर −4=97।,pending_review,,252351876a55261b
IBPS_RRB_PRELIMS_BULK_4000_MCQ_HINDI(1).txt,2016,IBPS RRB Prelims,Simplification,Simplification,,Moderate,Hindi,सरलीकरण करें: 50÷2+9,सरलीकरण करें: 50÷2+9,,34,37,31,40,A,50÷2=25; फिर +9=34।,pending_review,,87fc06e20eb98892
IBPS_RRB_PRELIMS_BULK_4000_MCQ_HINDI(1).txt,2017,IBPS RRB Prelims,Simplification,Simplification,,Moderate,Hindi,सरलीकरण करें: 1060÷20−12,सरलीकरण करें: 1060÷20−12,,41,44,38,47,A,1060÷20=53; फिर −12=41।,pending_review,,0196c332f8db27ba
IBPS_RRB_PRELIMS_BULK_4000_MCQ_HINDI(1).txt,2018,IBPS RRB Prelims,Simplification,Simplification,,Moderate,Hindi,सरलीकरण करें: (181+9)×18,सरलीकरण करें: (181+9)×18,,3420,3423,3417,3426,A,पहले कोष्ठक: 190; फिर ×18 = 3420।,pending_review,,f84385512f0dbd3e
IBPS_RRB_PRELIMS_BULK_4000_MCQ_HINDI(1).txt,2019,IBPS RRB Prelims,Simplification,Simplification,,Moderate,Hindi,सरलीकरण करें: (191+6)×19,सरलीकरण करें: (191+6)×19,,3743,3746,3740,3749,A,पहले कोष्ठक: 197; फिर ×19 = 3743।,pending_review,,b4d41fca0a3a0038
IBPS_RRB_PRELIMS_BULK_4000_MCQ_HINDI(1).txt,2020,IBPS RRB Prelims,Simplification,Simplification,,Moderate,Hindi,सरलीकरण करें: (75+12)×4,सरलीकरण करें: (75+12)×4,,348,351,345,354,A,पहले कोष्ठक: 87; फिर ×4 = 348।,pending_review,,744a28f6e61ed9cd
IBPS_RRB_PRELIMS_BULK_4000_MCQ_HINDI(1).txt,2021,IBPS RRB Prelims,Simplification,Simplification,,Moderate,Hindi,सरलीकरण करें: (164+7)×12,सरलीकरण करें: (164+7)×12,,2052,2055,2049,2058,A,पहले कोष्ठक: 171; फिर ×12 = 2052।,pending_review,,b2025390e25d8215
IBPS_RRB_PRELIMS_BULK_4000_MCQ_HINDI(1).txt,2022,IBPS RRB Prelims,Simplification,Simplification,,Moderate,Hindi,सरलीकरण करें: 165+12×12,सरलीकरण करें: 165+12×12,,309,312,306,315,A,पहले गुणा: 12×12=144; फिर जोड़कर 309।,pending_review,,96e5d0baf7d75c30
IBPS_RRB_PRELIMS_BULK_4000_MCQ_HINDI(1).txt,2023,IBPS RRB Prelims,Simplification,Simplification,,Moderate,Hindi,सरलीकरण करें: 162+17×4,सरलीकरण करें: 162+17×4,,230,233,227,236,A,पहले गुणा: 17×4=68; फिर जोड़कर 230।,pending_review,,2027d28a089f2d40
IBPS_RRB_PRELIMS_BULK_4000_MCQ_HINDI(1).txt,2024,IBPS RRB Prelims,Simplification,Simplification,,Moderate,Hindi,सरलीकरण करें: 178+9×20,सरलीकरण करें: 178+9×20,,358,361,355,364,A,पहले गुणा: 9×20=180; फिर जोड़कर 358।,pending_review,,2b88aa41d914b3dd
IBPS_RRB_PRELIMS_BULK_4000_MCQ_HINDI(1).txt,2025,IBPS RRB Prelims,Simplification,Simplification,,Moderate,Hindi,सरलीकरण करें: 2352÷12+18,सरलीकरण करें: 2352÷12+18,,214,217,211,220,A,2352÷12=196; फिर +18=214।,pending_review,,b565d018f9423b8d
IBPS_RRB_PRELIMS_BULK_4000_MCQ_HINDI(1).txt,2026,IBPS RRB Prelims,Simplification,Simplification,,Moderate,Hindi,सरलीकरण करें: 448÷16−20,सरलीकरण करें: 448÷16−20,,8,11,5,14,A,448÷16=28; फिर −20=8।,pending_review,,a306739d835c5b4a
IBPS_RRB_PRELIMS_BULK_4000_MCQ_HINDI(1).txt,2027,IBPS RRB Prelims,Simplification,Simplification,,Moderate,Hindi,सरलीकरण करें: 199+9×2,सरलीकरण करें: 199+9×2,,217,220,214,223,A,पहले गुणा: 9×2=18; फिर जोड़कर 217।,pending_review,,64fb71bbbc950f6f
IBPS_RRB_PRELIMS_BULK_4000_MCQ_HINDI(1).txt,2028,IBPS RRB Prelims,Simplification,Simplification,,Moderate,Hindi,सरलीकरण करें: 102+17×15,सरलीकरण करें: 102+17×15,,357,360,354,363,A,पहले गुणा: 17×15=255; फिर जोड़कर 357।,pending_review,,b8463984e21871ba
IBPS_RRB_PRELIMS_BULK_4000_MCQ_HINDI(1).txt,2029,IBPS RRB Prelims,Simplification,Simplification,,Moderate,Hindi,सरलीकरण करें: 2926÷19−13,सरलीकरण करें: 2926÷19−13,,141,144,138,147,A,2926÷19=154; फिर −13=141।,pending_review,,727e793c918f17b2
IBPS_RRB_PRELIMS_BULK_4000_MCQ_HINDI(1).txt,2030,IBPS RRB Prelims,Simplification,Simplification,,Moderate,Hindi,सरलीकरण करें: (161+3)×20,सरलीकरण करें: (161+3)×20,,3280,3283,3277,3286,A,पहले कोष्ठक: 164; फिर ×20 = 3280।,pending_review,,db25547d780ec1d6
IBPS_RRB_PRELIMS_BULK_4000_MCQ_HINDI(1).txt,2031,IBPS RRB Prelims,Simplification,Simplification,,Moderate,Hindi,सरलीकरण करें: 1644÷12+6,सरलीकरण करें: 1644÷12+6,,143,146,140,149,A,1644÷12=137; फिर +6=143।,pending_review,,6bebfb524a63e66a
IBPS_RRB_PRELIMS_BULK_4000_MCQ_HINDI(1).txt,2032,IBPS RRB Prelims,Simplification,Simplification,,Moderate,Hindi,सरलीकरण करें: (69+8)×13,सरलीकरण करें: (69+8)×13,,1001,1004,998,1007,A,पहले कोष्ठक: 77; फिर ×13 = 1001।,pending_review,,b36374f0a4ccdf81
IBPS_RRB_PRELIMS_BULK_4000_MCQ_HINDI(1).txt,2033,IBPS RRB Prelims,Simplification,Simplification,,Moderate,Hindi,सरलीकरण करें: 595÷7−17,सरलीकरण करें: 595÷7−17,,68,71,65,74,A,595÷7=85; फिर −17=68।,pending_review,,0081339dc66ebe01
IBPS_RRB_PRELIMS_BULK_4000_MCQ_HINDI(1).txt,2034,IBPS RRB Prelims,Simplification,Simplification,,Moderate,Hindi,सरलीकरण करें: 437÷19−16,सरलीकरण करें: 437÷19−16,,7,10,4,13,A,437÷19=23; फिर −16=7।,pending_review,,202a511a370e551f
IBPS_RRB_PRELIMS_BULK_4000_MCQ_HINDI(1).txt,2035,IBPS RRB Prelims,Simplification,Simplification,,Moderate,Hindi,सरलीकरण करें: 156÷2+5,सरलीकरण करें: 156÷2+5,,83,86,80,89,A,156÷2=78; फिर +5=83।,pending_review,,a50dc9851ff9a6c6
IBPS_RRB_PRELIMS_BULK_4000_MCQ_HINDI(1).txt,2036,IBPS RRB Prelims,Simplification,Simplification,,Moderate,Hindi,सरलीकरण करें: 47+18×11,सरलीकरण करें: 47+18×11,,245,248,242,251,A,पहले गुणा: 18×11=198; फिर जोड़कर 245।,pending_review,,daf3025db35acbc9
IBPS_RRB_PRELIMS_BULK_4000_MCQ_HINDI(1).txt,2037,IBPS RRB Prelims,Simplification,Simplification,,Moderate,Hindi,सरलीकरण करें: 29+4×17,सरलीकरण करें: 29+4×17,,97,100,94,103,A,पहले गुणा: 4×17=68; फिर जोड़कर 97।,pending_review,,9da972bdf3c4c7a1
IBPS_RRB_PRELIMS_BULK_4000_MCQ_HINDI(1).txt,2038,IBPS RRB Prelims,Simplification,Simplification,,Moderate,Hindi,सरलीकरण करें: 620÷4−4,सरलीकरण करें: 620÷4−4,,151,154,148,157,A,620÷4=155; फिर −4=151।,pending_review,,6d977cb845f9dd68
IBPS_RRB_PRELIMS_BULK_4000_MCQ_HINDI(1).txt,2039,IBPS RRB Prelims,Simplification,Simplification,,Moderate,Hindi,सरलीकरण करें: 1152÷9−17,सरलीकरण करें: 1152÷9−17,,111,114,108,117,A,1152÷9=128; फिर −17=111।,pending_review,,5249dfc2784f501f
IBPS_RRB_PRELIMS_BULK_4000_MCQ_HINDI(1).txt,2040,IBPS RRB Prelims,Simplification,Simplification,,Moderate,Hindi,सरलीकरण करें: 112+5×16,सरलीकरण करें: 112+5×16,,192,195,189,198,A,पहले गुणा: 5×16=80; फिर जोड़कर 192।,pending_review,,3c0ddfa552c62dd0
IBPS_RRB_PRELIMS_BULK_4000_MCQ_HINDI(1).txt,2041,IBPS RRB Prelims,Simplification,Simplification,,Moderate,Hindi,सरलीकरण करें: 133+8×15,सरलीकरण करें: 133+8×15,,253,256,250,259,A,पहले गुणा: 8×15=120; फिर जोड़कर 253।,pending_review,,d1c556e0224e5838
IBPS_RRB_PRELIMS_BULK_4000_MCQ_HINDI(1).txt,2042,IBPS RRB Prelims,Simplification,Simplification,,Moderate,Hindi,सरलीकरण करें: 1651÷13+18,सरलीकरण करें: 1651÷13+18,,145,148,142,151,A,1651÷13=127; फिर +18=145।,pending_review,,f3d6b23061231f79
IBPS_RRB_PRELIMS_BULK_4000_MCQ_HINDI(1).txt,2043,IBPS RRB Prelims,Simplification,Simplification,,Moderate,Hindi,सरलीकरण करें: (62+5)×9,सरलीकरण करें: (62+5)×9,,603,606,600,609,A,पहले कोष्ठक: 67; फिर ×9 = 603।,pending_review,,353e99ac90dc880b
IBPS_RRB_PRELIMS_BULK_4000_MCQ_HINDI(1).txt,2044,IBPS RRB Prelims,Simplification,Simplification,,Moderate,Hindi,सरलीकरण करें: 453÷3−18,सरलीकरण करें: 453÷3−18,,133,136,130,139,A,453÷3=151; फिर −18=133।,pending_review,,660c4f3735f8468e
IBPS_RRB_PRELIMS_BULK_4000_MCQ_HINDI(1).txt,2045,IBPS RRB Prelims,Simplification,Simplification,,Moderate,Hindi,सरलीकरण करें: 381÷3−9,सरलीकरण करें: 381÷3−9,,118,121,115,124,A,381÷3=127; फिर −9=118।,pending_review,,141cd10c0cb33dcc
IBPS_RRB_PRELIMS_BULK_4000_MCQ_HINDI(1).txt,2046,IBPS RRB Prelims,Simplification,Simplification,,Moderate,Hindi,सरलीकरण करें: (59+14)×15,सरलीकरण करें: (59+14)×15,,1095,1098,1092,1101,A,पहले कोष्ठक: 73; फिर ×15 = 1095।,pending_review,,c7e7bc7749106881
IBPS_RRB_PRELIMS_BULK_4000_MCQ_HINDI(1).txt,2047,IBPS RRB Prelims,Simplification,Simplification,,Moderate,Hindi,सरलीकरण करें: 1092÷7−20,सरलीकरण करें: 1092÷7−20,,136,139,133,142,A,1092÷7=156; फिर −20=136।,pending_review,,6518441d4948bb74
IBPS_RRB_PRELIMS_BULK_4000_MCQ_HINDI(1).txt,2048,IBPS RRB Prelims,Simplification,Simplification,,Moderate,Hindi,सरलीकरण करें: 648÷9+4,सरलीकरण करें: 648÷9+4,,76,79,73,82,A,648÷9=72; फिर +4=76।,pending_review,,7c419218c11cfb3f
IBPS_RRB_PRELIMS_BULK_4000_MCQ_HINDI(1).txt,2049,IBPS RRB Prelims,Simplification,Simplification,,Moderate,Hindi,सरलीकरण करें: (167+18)×3,सरलीकरण करें: (167+18)×3,,555,558,552,561,A,पहले कोष्ठक: 185; फिर ×3 = 555।,pending_review,,dfa893e916e2b282
IBPS_RRB_PRELIMS_BULK_4000_MCQ_HINDI(1).txt,2050,IBPS RRB Prelims,Simplification,Simplification,,Moderate,Hindi,सरलीकरण करें: 895÷5+20,सरलीकरण करें: 895÷5+20,,199,202,196,205,A,895÷5=179; फिर +20=199।,pending_review,,fc58f8ec31b79bd1
IBPS_RRB_PRELIMS_BULK_4000_MCQ_HINDI(1).txt,2051,IBPS RRB Prelims,Simplification,Simplification,,Moderate,Hindi,सरलीकरण करें: (30+18)×9,सरलीकरण करें: (30+18)×9,,432,435,429,438,A,पहले कोष्ठक: 48; फिर ×9 = 432।,pending_review,,98713c0805e4d4f8
IBPS_RRB_PRELIMS_BULK_4000_MCQ_HINDI(1).txt,2052,IBPS RRB Prelims,Simplification,Simplification,,Moderate,Hindi,सरलीकरण करें: (185+6)×2,सरलीकरण करें: (185+6)×2,,382,385,379,388,A,पहले कोष्ठक: 191; फिर ×2 = 382।,pending_review,,4197778fa642dde9
IBPS_RRB_PRELIMS_BULK_4000_MCQ_HINDI(1).txt,2053,IBPS RRB Prelims,Simplification,Simplification,,Moderate,Hindi,सरलीकरण करें: 183+9×16,सरलीकरण करें: 183+9×16,,327,330,324,333,A,पहले गुणा: 9×16=144; फिर जोड़कर 327।,pending_review,,59788e7087e192df
IBPS_RRB_PRELIMS_BULK_4000_MCQ_HINDI(1).txt,2054,IBPS RRB Prelims,Simplification,Simplification,,Moderate,Hindi,सरलीकरण करें: 1560÷20+12,सरलीकरण करें: 1560÷20+12,,90,93,87,96,A,1560÷20=78; फिर +12=90।,pending_review,,4e84325fb2c72e51
IBPS_RRB_PRELIMS_BULK_4000_MCQ_HINDI(1).txt,2055,IBPS RRB Prelims,Simplification,Simplification,,Moderate,Hindi,सरलीकरण करें: 108+13×14,सरलीकरण करें: 108+13×14,,290,293,287,296,A,पहले गुणा: 13×14=182; फिर जोड़कर 290।,pending_review,,6afbe6a6d97d6823
IBPS_RRB_PRELIMS_BULK_4000_MCQ_HINDI(1).txt,2056,IBPS RRB Prelims,Simplification,Simplification,,Moderate,Hindi,सरलीकरण करें: 834÷6+4,सरलीकरण करें: 834÷6+4,,143,146,140,149,A,834÷6=139; फिर +4=143।,pending_review,,eda02ca57d5e2d86
IBPS_RRB_PRELIMS_BULK_4000_MCQ_HINDI(1).txt,2057,IBPS RRB Prelims,Simplification,Simplification,,Moderate,Hindi,सरलीकरण करें: (141+9)×10,सरलीकरण करें: (141+9)×10,,1500,1503,1497,1506,A,पहले कोष्ठक: 150; फिर ×10 = 1500।,pending_review,,e5706ad668ce1074
IBPS_RRB_PRELIMS_BULK_4000_MCQ_HINDI(1).txt,2058,IBPS RRB Prelims,Simplification,Simplification,,Moderate,Hindi,सरलीकरण करें: 197+18×9,सरलीकरण करें: 197+18×9,,359,362,356,365,A,पहले गुणा: 18×9=162; फिर जोड़कर 359।,pending_review,,3dbe51af88c98a81
IBPS_RRB_PRELIMS_BULK_4000_MCQ_HINDI(1).txt,2059,IBPS RRB Prelims,Simplification,Simplification,,Moderate,Hindi,सरलीकरण करें: 1197÷19−7,सरलीकरण करें: 1197÷19−7,,56,59,53,62,A,1197÷19=63; फिर −7=56।,pending_review,,4ec026121e5b1526
IBPS_RRB_PRELIMS_BULK_4000_MCQ_HINDI(1).txt,2060,IBPS RRB Prelims,Simplification,Simplification,,Moderate,Hindi,सरलीकरण करें: 1071÷9−4,सरलीकरण करें: 1071÷9−4,,115,118,112,121,A,1071÷9=119; फिर −4=115।,pending_review,,4f418cc8911836c6
IBPS_RRB_PRELIMS_BULK_4000_MCQ_HINDI(1).txt,2061,IBPS RRB Prelims,Simplification,Simplification,,Moderate,Hindi,सरलीकरण करें: 2052÷18+6,सरलीकरण करें: 2052÷18+6,,120,123,117,126,A,2052÷18=114; फिर +6=120।,pending_review,,3ccdcba1d1a83550
IBPS_RRB_PRELIMS_BULK_4000_MCQ_HINDI(1).txt,2062,IBPS RRB Prelims,Simplification,Simplification,,Moderate,Hindi,सरलीकरण करें: 2940÷15+12,सरलीकरण करें: 2940÷15+12,,208,211,205,214,A,2940÷15=196; फिर +12=208।,pending_review,,8c6bb430ba10c13e
IBPS_RRB_PRELIMS_BULK_4000_MCQ_HINDI(1).txt,2063,IBPS RRB Prelims,Simplification,Simplification,,Moderate,Hindi,सरलीकरण करें: 1050÷15+5,सरलीकरण करें: 1050÷15+5,,75,78,72,81,A,1050÷15=70; फिर +5=75।,pending_review,,c447f16ebeb1ad39
IBPS_RRB_PRELIMS_BULK_4000_MCQ_HINDI(1).txt,2064,IBPS RRB Prelims,Simplification,Simplification,,Moderate,Hindi,सरलीकरण करें: 1664÷13+5,सरलीकरण करें: 1664÷13+5,,133,136,130,139,A,1664÷13=128; फिर +5=133।,pending_review,,db3a52c772825cf4
IBPS_RRB_PRELIMS_BULK_4000_MCQ_HINDI(1).txt,2065,IBPS RRB Prelims,Simplification,Simplification,,Moderate,Hindi,सरलीकरण करें: 3150÷18−2,सरलीकरण करें: 3150÷18−2,,173,176,170,179,A,3150÷18=175; फिर −2=173।,pending_review,,7af2c47d6a87fef1
IBPS_RRB_PRELIMS_BULK_4000_MCQ_HINDI(1).txt,2066,IBPS RRB Prelims,Simplification,Simplification,,Moderate,Hindi,सरलीकरण करें: (38+9)×3,सरलीकरण करें: (38+9)×3,,141,144,138,147,A,पहले कोष्ठक: 47; फिर ×3 = 141।,pending_review,,4bf2b1f28830b425
IBPS_RRB_PRELIMS_BULK_4000_MCQ_HINDI(1).txt,2067,IBPS RRB Prelims,Simplification,Simplification,,Moderate,Hindi,सरलीकरण करें: 146÷2+2,सरलीकरण करें: 146÷2+2,,75,78,72,81,A,146÷2=73; फिर +2=75।,pending_review,,b715eda8fa4d27fe
IBPS_RRB_PRELIMS_BULK_4000_MCQ_HINDI(1).txt,2068,IBPS RRB Prelims,Simplification,Simplification,,Moderate,Hindi,सरलीकरण करें: (40+6)×19,सरलीकरण करें: (40+6)×19,,874,877,871,880,A,पहले कोष्ठक: 46; फिर ×19 = 874।,pending_review,,02a28c6cd8ffe125
IBPS_RRB_PRELIMS_BULK_4000_MCQ_HINDI(1).txt,2069,IBPS RRB Prelims,Simplification,Simplification,,Moderate,Hindi,सरलीकरण करें: 109+14×4,सरलीकरण करें: 109+14×4,,165,168,162,171,A,पहले गुणा: 14×4=56; फिर जोड़कर 165।,pending_review,,6f8e8561a7310398
IBPS_RRB_PRELIMS_BULK_4000_MCQ_HINDI(1).txt,2070,IBPS RRB Prelims,Simplification,Simplification,,Moderate,Hindi,सरलीकरण करें: 420÷12−15,सरलीकरण करें: 420÷12−15,,20,23,17,26,A,420÷12=35; फिर −15=20।,pending_review,,02c178e931d72081
IBPS_RRB_PRELIMS_BULK_4000_MCQ_HINDI(1).txt,2071,IBPS RRB Prelims,Simplification,Simplification,,Moderate,Hindi,सरलीकरण करें: 137+3×16,सरलीकरण करें: 137+3×16,,185,188,182,191,A,पहले गुणा: 3×16=48; फिर जोड़कर 185।,pending_review,,c7487173a5f39740
IBPS_RRB_PRELIMS_BULK_4000_MCQ_HINDI(1).txt,2072,IBPS RRB Prelims,Simplification,Simplification,,Moderate,Hindi,सरलीकरण करें: 2640÷16−16,सरलीकरण करें: 2640÷16−16,,149,152,146,155,A,2640÷16=165; फिर −16=149।,pending_review,,a127063b6a2f24c5
IBPS_RRB_PRELIMS_BULK_4000_MCQ_HINDI(1).txt,2073,IBPS RRB Prelims,Simplification,Simplification,,Moderate,Hindi,सरलीकरण करें: 270÷9−9,सरलीकरण करें: 270÷9−9,,21,24,18,27,A,270÷9=30; फिर −9=21।,pending_review,,873cae82a987c1e2
IBPS_RRB_PRELIMS_BULK_4000_MCQ_HINDI(1).txt,2074,IBPS RRB Prelims,Simplification,Simplification,,Moderate,Hindi,सरलीकरण करें: 140+8×14,सरलीकरण करें: 140+8×14,,252,255,249,258,A,पहले गुणा: 8×14=112; फिर जोड़कर 252।,pending_review,,6d78b2ab1fd7e670
IBPS_RRB_PRELIMS_BULK_4000_MCQ_HINDI(1).txt,2075,IBPS RRB Prelims,Simplification,Simplification,,Moderate,Hindi,सरलीकरण करें: (29+4)×13,सरलीकरण करें: (29+4)×13,,429,432,426,435,A,पहले कोष्ठक: 33; फिर ×13 = 429।,pending_review,,1894bfa7f969ab4a
IBPS_RRB_PRELIMS_BULK_4000_MCQ_HINDI(1).txt,2076,IBPS RRB Prelims,Simplification,Simplification,,Moderate,Hindi,सरलीकरण करें: 1674÷18−3,सरलीकरण करें: 1674÷18−3,,90,93,87,96,A,1674÷18=93; फिर −3=90।,pending_review,,2c3c9e1b740ee785
IBPS_RRB_PRELIMS_BULK_4000_MCQ_HINDI(1).txt,2077,IBPS RRB Prelims,Simplification,Simplification,,Moderate,Hindi,सरलीकरण करें: 145+16×9,सरलीकरण करें: 145+16×9,,289,292,286,295,A,पहले गुणा: 16×9=144; फिर जोड़कर 289।,pending_review,,0125664ac057dd4f
IBPS_RRB_PRELIMS_BULK_4000_MCQ_HINDI(1).txt,2078,IBPS RRB Prelims,Simplification,Simplification,,Moderate,Hindi,सरलीकरण करें: (146+2)×14,सरलीकरण करें: (146+2)×14,,2072,2075,2069,2078,A,पहले कोष्ठक: 148; फिर ×14 = 2072।,pending_review,,7ee69d0cdcf952b3
IBPS_RRB_PRELIMS_BULK_4000_MCQ_HINDI(1).txt,2079,IBPS RRB Prelims,Simplification,Simplification,,Moderate,Hindi,सरलीकरण करें: 476÷7+16,सरलीकरण करें: 476÷7+16,,84,87,81,90,A,476÷7=68; फिर +16=84।,pending_review,,3bee1efcc655f9e4
IBPS_RRB_PRELIMS_BULK_4000_MCQ_HINDI(1).txt,2080,IBPS RRB Prelims,Simplification,Simplification,,Moderate,Hindi,सरलीकरण करें: 747÷9+16,सरलीकरण करें: 747÷9+16,,99,102,96,105,A,747÷9=83; फिर +16=99।,pending_review,,e3a9d94a1fab847d
IBPS_RRB_PRELIMS_BULK_4000_MCQ_HINDI(1).txt,2081,IBPS RRB Prelims,Simplification,Simplification,,Moderate,Hindi,सरलीकरण करें: 276÷6+14,सरलीकरण करें: 276÷6+14,,60,63,57,66,A,276÷6=46; फिर +14=60।,pending_review,,f545cd116ad7cda4
IBPS_RRB_PRELIMS_BULK_4000_MCQ_HINDI(1).txt,2082,IBPS RRB Prelims,Simplification,Simplification,,Moderate,Hindi,सरलीकरण करें: (138+15)×16,सरलीकरण करें: (138+15)×16,,2448,2451,2445,2454,A,पहले कोष्ठक: 153; फिर ×16 = 2448।,pending_review,,c7a2e65a11327646
IBPS_RRB_PRELIMS_BULK_4000_MCQ_HINDI(1).txt,2083,IBPS RRB Prelims,Simplification,Simplification,,Moderate,Hindi,सरलीकरण करें: (156+13)×16,सरलीकरण करें: (156+13)×16,,2704,2707,2701,2710,A,पहले कोष्ठक: 169; फिर ×16 = 2704।,pending_review,,31c566d61dcf1ca4
IBPS_RRB_PRELIMS_BULK_4000_MCQ_HINDI(1).txt,2084,IBPS RRB Prelims,Simplification,Simplification,,Moderate,Hindi,सरलीकरण करें: 155+16×6,सरलीकरण करें: 155+16×6,,251,254,248,257,A,पहले गुणा: 16×6=96; फिर जोड़कर 251।,pending_review,,62f258d484b284eb
IBPS_RRB_PRELIMS_BULK_4000_MCQ_HINDI(1).txt,2085,IBPS RRB Prelims,Simplification,Simplification,,Moderate,Hindi,सरलीकरण करें: 138+19×13,सरलीकरण करें: 138+19×13,,385,388,382,391,A,पहले गुणा: 19×13=247; फिर जोड़कर 385।,pending_review,,fb2807c7e8c4fde9
IBPS_RRB_PRELIMS_BULK_4000_MCQ_HINDI(1).txt,2086,IBPS RRB Prelims,Simplification,Simplification,,Moderate,Hindi,सरलीकरण करें: (171+17)×7,सरलीकरण करें: (171+17)×7,,1316,1319,1313,1322,A,पहले कोष्ठक: 188; फिर ×7 = 1316।,pending_review,,dcb05d804e28ef00
IBPS_RRB_PRELIMS_BULK_4000_MCQ_HINDI(1).txt,2087,IBPS RRB Prelims,Simplification,Simplification,,Moderate,Hindi,सरलीकरण करें: 396÷4−18,सरलीकरण करें: 396÷4−18,,81,84,78,87,A,396÷4=99; फिर −18=81।,pending_review,,a8db85e048eb98e7
IBPS_RRB_PRELIMS_BULK_4000_MCQ_HINDI(1).txt,2088,IBPS RRB Prelims,Simplification,Simplification,,Moderate,Hindi,सरलीकरण करें: (29+12)×2,सरलीकरण करें: (29+12)×2,,82,85,79,88,A,पहले कोष्ठक: 41; फिर ×2 = 82।,pending_review,,55a1100afe33a026
IBPS_RRB_PRELIMS_BULK_4000_MCQ_HINDI(1).txt,2089,IBPS RRB Prelims,Simplification,Simplification,,Moderate,Hindi,सरलीकरण करें: 2016÷18+2,सरलीकरण करें: 2016÷18+2,,114,117,111,120,A,2016÷18=112; फिर +2=114।,pending_review,,79167a6445207716
IBPS_RRB_PRELIMS_BULK_4000_MCQ_HINDI(1).txt,2090,IBPS RRB Prelims,Simplification,Simplification,,Moderate,Hindi,सरलीकरण करें: 80÷4−5,सरलीकरण करें: 80÷4−5,,15,18,12,21,A,80÷4=20; फिर −5=15।,pending_review,,837b05962aa02afd
IBPS_RRB_PRELIMS_BULK_4000_MCQ_HINDI(1).txt,2091,IBPS RRB Prelims,Simplification,Simplification,,Moderate,Hindi,सरलीकरण करें: 2128÷14−7,सरलीकरण करें: 2128÷14−7,,145,148,142,151,A,2128÷14=152; फिर −7=145।,pending_review,,564d302972bb2d7a
IBPS_RRB_PRELIMS_BULK_4000_MCQ_HINDI(1).txt,2092,IBPS RRB Prelims,Simplification,Simplification,,Moderate,Hindi,सरलीकरण करें: 1744÷16−5,सरलीकरण करें: 1744÷16−5,,104,107,101,110,A,1744÷16=109; फिर −5=104।,pending_review,,d57df95afcb28e16
IBPS_RRB_PRELIMS_BULK_4000_MCQ_HINDI(1).txt,2093,IBPS RRB Prelims,Simplification,Simplification,,Moderate,Hindi,सरलीकरण करें: (77+14)×5,सरलीकरण करें: (77+14)×5,,455,458,452,461,A,पहले कोष्ठक: 91; फिर ×5 = 455।,pending_review,,6ed69a05fcdd001a
IBPS_RRB_PRELIMS_BULK_4000_MCQ_HINDI(1).txt,2094,IBPS RRB Prelims,Simplification,Simplification,,Moderate,Hindi,सरलीकरण करें: (78+10)×15,सरलीकरण करें: (78+10)×15,,1320,1323,1317,1326,A,पहले कोष्ठक: 88; फिर ×15 = 1320।,pending_review,,f242eb7036294b44
IBPS_RRB_PRELIMS_BULK_4000_MCQ_HINDI(1).txt,2095,IBPS RRB Prelims,Simplification,Simplification,,Moderate,Hindi,सरलीकरण करें: 66+10×14,सरलीकरण करें: 66+10×14,,206,209,203,212,A,पहले गुणा: 10×14=140; फिर जोड़कर 206।,pending_review,,f34228a26726fa7c
IBPS_RRB_PRELIMS_BULK_4000_MCQ_HINDI(1).txt,2096,IBPS RRB Prelims,Simplification,Simplification,,Moderate,Hindi,सरलीकरण करें: 44+12×15,सरलीकरण करें: 44+12×15,,224,227,221,230,A,पहले गुणा: 12×15=180; फिर जोड़कर 224।,pending_review,,d127a08d3ec1bf5d
IBPS_RRB_PRELIMS_BULK_4000_MCQ_HINDI(1).txt,2097,IBPS RRB Prelims,Simplification,Simplification,,Moderate,Hindi,सरलीकरण करें: 3077÷17+16,सरलीकरण करें: 3077÷17+16,,197,200,194,203,A,3077÷17=181; फिर +16=197।,pending_review,,017bccf273203c72
IBPS_RRB_PRELIMS_BULK_4000_MCQ_HINDI(1).txt,2098,IBPS RRB Prelims,Simplification,Simplification,,Moderate,Hindi,सरलीकरण करें: 760÷10−12,सरलीकरण करें: 760÷10−12,,64,67,61,70,A,760÷10=76; फिर −12=64।,pending_review,,0b3690fee1608c14
IBPS_RRB_PRELIMS_BULK_4000_MCQ_HINDI(1).txt,2099,IBPS RRB Prelims,Simplification,Simplification,,Moderate,Hindi,सरलीकरण करें: 149+16×10,सरलीकरण करें: 149+16×10,,309,312,306,315,A,पहले गुणा: 16×10=160; फिर जोड़कर 309।,pending_review,,6391606ad3ccd324
IBPS_RRB_PRELIMS_BULK_4000_MCQ_HINDI(1).txt,2100,IBPS RRB Prelims,Simplification,Simplification,,Moderate,Hindi,सरलीकरण करें: 635÷5−8,सरलीकरण करें: 635÷5−8,,119,122,116,125,A,635÷5=127; फिर −8=119।,pending_review,,929256384928bad5
IBPS_RRB_PRELIMS_BULK_4000_MCQ_HINDI(1).txt,2101,IBPS RRB Prelims,Simplification,Simplification,,Moderate,Hindi,सरलीकरण करें: 828÷6−9,सरलीकरण करें: 828÷6−9,,129,132,126,135,A,828÷6=138; फिर −9=129।,pending_review,,80cad63410eb4408
IBPS_RRB_PRELIMS_BULK_4000_MCQ_HINDI(1).txt,2102,IBPS RRB Prelims,Simplification,Simplification,,Moderate,Hindi,सरलीकरण करें: 119+5×12,सरलीकरण करें: 119+5×12,,179,182,176,185,A,पहले गुणा: 5×12=60; फिर जोड़कर 179।,pending_review,,2eb820fd5c03e3af
IBPS_RRB_PRELIMS_BULK_4000_MCQ_HINDI(1).txt,2103,IBPS RRB Prelims,Simplification,Simplification,,Moderate,Hindi,सरलीकरण करें: 129+12×18,सरलीकरण करें: 129+12×18,,345,348,342,351,A,पहले गुणा: 12×18=216; फिर जोड़कर 345।,pending_review,,39a9317bdb131449
IBPS_RRB_PRELIMS_BULK_4000_MCQ_HINDI(1).txt,2104,IBPS RRB Prelims,Simplification,Simplification,,Moderate,Hindi,सरलीकरण करें: (116+2)×4,सरलीकरण करें: (116+2)×4,,472,475,469,478,A,पहले कोष्ठक: 118; फिर ×4 = 472।,pending_review,,f75bdc8e8564e4c7
IBPS_RRB_PRELIMS_BULK_4000_MCQ_HINDI(1).txt,2105,IBPS RRB Prelims,Simplification,Simplification,,Moderate,Hindi,सरलीकरण करें: 1980÷18+20,सरलीकरण करें: 1980÷18+20,,130,133,127,136,A,1980÷18=110; फिर +20=130।,pending_review,,e5476d317e37ac65
IBPS_RRB_PRELIMS_BULK_4000_MCQ_HINDI(1).txt,2106,IBPS RRB Prelims,Simplification,Simplification,,Moderate,Hindi,सरलीकरण करें: 720÷10+12,सरलीकरण करें: 720÷10+12,,84,87,81,90,A,720÷10=72; फिर +12=84।,pending_review,,855b088d79616f17
IBPS_RRB_PRELIMS_BULK_4000_MCQ_HINDI(1).txt,2107,IBPS RRB Prelims,Simplification,Simplification,,Moderate,Hindi,सरलीकरण करें: (118+17)×18,सरलीकरण करें: (118+17)×18,,2430,2433,2427,2436,A,पहले कोष्ठक: 135; फिर ×18 = 2430।,pending_review,,9f8049991d7d9197
IBPS_RRB_PRELIMS_BULK_4000_MCQ_HINDI(1).txt,2108,IBPS RRB Prelims,Simplification,Simplification,,Moderate,Hindi,सरलीकरण करें: 1368÷19+14,सरलीकरण करें: 1368÷19+14,,86,89,83,92,A,1368÷19=72; फिर +14=86।,pending_review,,799b4ee94a405167
IBPS_RRB_PRELIMS_BULK_4000_MCQ_HINDI(1).txt,2109,IBPS RRB Prelims,Simplification,Simplification,,Moderate,Hindi,सरलीकरण करें: 852÷6+5,सरलीकरण करें: 852÷6+5,,147,150,144,153,A,852÷6=142; फिर +5=147।,pending_review,,d1caf7708997a2ee
IBPS_RRB_PRELIMS_BULK_4000_MCQ_HINDI(1).txt,2110,IBPS RRB Prelims,Simplification,Simplification,,Moderate,Hindi,सरलीकरण करें: 48+10×9,सरलीकरण करें: 48+10×9,,138,141,135,144,A,पहले गुणा: 10×9=90; फिर जोड़कर 138।,pending_review,,a840c8ad6f70e917
IBPS_RRB_PRELIMS_BULK_4000_MCQ_HINDI(1).txt,2111,IBPS RRB Prelims,Simplification,Simplification,,Moderate,Hindi,सरलीकरण करें: 2546÷19+4,सरलीकरण करें: 2546÷19+4,,138,141,135,144,A,2546÷19=134; फिर +4=138।,pending_review,,452e33200f1fb7a4
IBPS_RRB_PRELIMS_BULK_4000_MCQ_HINDI(1).txt,2112,IBPS RRB Prelims,Simplification,Simplification,,Moderate,Hindi,सरलीकरण करें: 156+11×2,सरलीकरण करें: 156+11×2,,178,181,175,184,A,पहले गुणा: 11×2=22; फिर जोड़कर 178।,pending_review,,c82105b967fbc50b
IBPS_RRB_PRELIMS_BULK_4000_MCQ_HINDI(1).txt,2113,IBPS RRB Prelims,Simplification,Simplification,,Moderate,Hindi,सरलीकरण करें: (155+12)×7,सरलीकरण करें: (155+12)×7,,1169,1172,1166,1175,A,पहले कोष्ठक: 167; फिर ×7 = 1169।,pending_review,,ae527f1f476bec53
IBPS_RRB_PRELIMS_BULK_4000_MCQ_HINDI(1).txt,2114,IBPS RRB Prelims,Simplification,Simplification,,Moderate,Hindi,सरलीकरण करें: (154+8)×19,सरलीकरण करें: (154+8)×19,,3078,3081,3075,3084,A,पहले कोष्ठक: 162; फिर ×19 = 3078।,pending_review,,96aedb66c2642337
IBPS_RRB_PRELIMS_BULK_4000_MCQ_HINDI(1).txt,2115,IBPS RRB Prelims,Simplification,Simplification,,Moderate,Hindi,सरलीकरण करें: 166+18×7,सरलीकरण करें: 166+18×7,,292,295,289,298,A,पहले गुणा: 18×7=126; फिर जोड़कर 292।,pending_review,,a8fd2c19688fca60
IBPS_RRB_PRELIMS_BULK_4000_MCQ_HINDI(1).txt,2116,IBPS RRB Prelims,Simplification,Simplification,,Moderate,Hindi,सरलीकरण करें: 882÷7−8,सरलीकरण करें: 882÷7−8,,118,121,115,124,A,882÷7=126; फिर −8=118।,pending_review,,ece4906a4cc405bf
IBPS_RRB_PRELIMS_BULK_4000_MCQ_HINDI(1).txt,2117,IBPS RRB Prelims,Simplification,Simplification,,Moderate,Hindi,सरलीकरण करें: 84÷4+2,सरलीकरण करें: 84÷4+2,,23,26,20,29,A,84÷4=21; फिर +2=23।,pending_review,,6366596b4eb9f577
IBPS_RRB_PRELIMS_BULK_4000_MCQ_HINDI(1).txt,2118,IBPS RRB Prelims,Simplification,Simplification,,Moderate,Hindi,सरलीकरण करें: 33+18×12,सरलीकरण करें: 33+18×12,,249,252,246,255,A,पहले गुणा: 18×12=216; फिर जोड़कर 249।,pending_review,,8669fcb05c544ad9
IBPS_RRB_PRELIMS_BULK_4000_MCQ_HINDI(1).txt,2119,IBPS RRB Prelims,Simplification,Simplification,,Moderate,Hindi,सरलीकरण करें: 552÷4−4,सरलीकरण करें: 552÷4−4,,134,137,131,140,A,552÷4=138; फिर −4=134।,pending_review,,d60ebf965c7c874c
IBPS_RRB_PRELIMS_BULK_4000_MCQ_HINDI(1).txt,2120,IBPS RRB Prelims,Simplification,Simplification,,Moderate,Hindi,सरलीकरण करें: 1520÷16−2,सरलीकरण करें: 1520÷16−2,,93,96,90,99,A,1520÷16=95; फिर −2=93।,pending_review,,27f63a72483a5e34
IBPS_RRB_PRELIMS_BULK_4000_MCQ_HINDI(1).txt,2121,IBPS RRB Prelims,Simplification,Simplification,,Moderate,Hindi,सरलीकरण करें: (147+13)×5,सरलीकरण करें: (147+13)×5,,800,803,797,806,A,पहले कोष्ठक: 160; फिर ×5 = 800।,pending_review,,0c9d13735274820c
IBPS_RRB_PRELIMS_BULK_4000_MCQ_HINDI(1).txt,2122,IBPS RRB Prelims,Simplification,Simplification,,Moderate,Hindi,सरलीकरण करें: 1365÷13−14,सरलीकरण करें: 1365÷13−14,,91,94,88,97,A,1365÷13=105; फिर −14=91।,pending_review,,ccb560af0b6b4105
IBPS_RRB_PRELIMS_BULK_4000_MCQ_HINDI(1).txt,2123,IBPS RRB Prelims,Simplification,Simplification,,Moderate,Hindi,सरलीकरण करें: 158+15×19,सरलीकरण करें: 158+15×19,,443,446,440,449,A,पहले गुणा: 15×19=285; फिर जोड़कर 443।,pending_review,,8454017a687b09b2
IBPS_RRB_PRELIMS_BULK_4000_MCQ_HINDI(1).txt,2124,IBPS RRB Prelims,Simplification,Simplification,,Moderate,Hindi,सरलीकरण करें: 85+6×16,सरलीकरण करें: 85+6×16,,181,184,178,187,A,पहले गुणा: 6×16=96; फिर जोड़कर 181।,pending_review,,9b3c170cbe8e3a8a
IBPS_RRB_PRELIMS_BULK_4000_MCQ_HINDI(1).txt,2125,IBPS RRB Prelims,Simplification,Simplification,,Moderate,Hindi,सरलीकरण करें: 138+15×20,सरलीकरण करें: 138+15×20,,438,441,435,444,A,पहले गुणा: 15×20=300; फिर जोड़कर 438।,pending_review,,24c6ab2ac3233598
IBPS_RRB_PRELIMS_BULK_4000_MCQ_HINDI(1).txt,2126,IBPS RRB Prelims,Simplification,Simplification,,Moderate,Hindi,सरलीकरण करें: 168÷8+2,सरलीकरण करें: 168÷8+2,,23,26,20,29,A,168÷8=21; फिर +2=23।,pending_review,,584c2116580fd0a7
IBPS_RRB_PRELIMS_BULK_4000_MCQ_HINDI(1).txt,2127,IBPS RRB Prelims,Simplification,Simplification,,Moderate,Hindi,सरलीकरण करें: 546÷7−9,सरलीकरण करें: 546÷7−9,,69,72,66,75,A,546÷7=78; फिर −9=69।,pending_review,,c3f6f92ffb398aa3
IBPS_RRB_PRELIMS_BULK_4000_MCQ_HINDI(1).txt,2128,IBPS RRB Prelims,Simplification,Simplification,,Moderate,Hindi,सरलीकरण करें: (78+4)×15,सरलीकरण करें: (78+4)×15,,1230,1233,1227,1236,A,पहले कोष्ठक: 82; फिर ×15 = 1230।,pending_review,,512e7980eb3275dd
IBPS_RRB_PRELIMS_BULK_4000_MCQ_HINDI(1).txt,2129,IBPS RRB Prelims,Simplification,Simplification,,Moderate,Hindi,सरलीकरण करें: 155+12×20,सरलीकरण करें: 155+12×20,,395,398,392,401,A,पहले गुणा: 12×20=240; फिर जोड़कर 395।,pending_review,,a92e9b9273ea5845
IBPS_RRB_PRELIMS_BULK_4000_MCQ_HINDI(1).txt,2130,IBPS RRB Prelims,Simplification,Simplification,,Moderate,Hindi,सरलीकरण करें: 405÷15−2,सरलीकरण करें: 405÷15−2,,25,28,22,31,A,405÷15=27; फिर −2=25।,pending_review,,495286a9562c0f3c
IBPS_RRB_PRELIMS_BULK_4000_MCQ_HINDI(1).txt,2131,IBPS RRB Prelims,Simplification,Simplification,,Moderate,Hindi,सरलीकरण करें: 945÷15−12,सरलीकरण करें: 945÷15−12,,51,54,48,57,A,945÷15=63; फिर −12=51।,pending_review,,cd918844ccb67d25
IBPS_RRB_PRELIMS_BULK_4000_MCQ_HINDI(1).txt,2132,IBPS RRB Prelims,Simplification,Simplification,,Moderate,Hindi,सरलीकरण करें: 3660÷20−11,सरलीकरण करें: 3660÷20−11,,172,175,169,178,A,3660÷20=183; फिर −11=172।,pending_review,,2165100c64826843
IBPS_RRB_PRELIMS_BULK_4000_MCQ_HINDI(1).txt,2133,IBPS RRB Prelims,Simplification,Simplification,,Moderate,Hindi,सरलीकरण करें: 1539÷19+4,सरलीकरण करें: 1539÷19+4,,85,88,82,91,A,1539÷19=81; फिर +4=85।,pending_review,,c6a635cd8d660560
IBPS_RRB_PRELIMS_BULK_4000_MCQ_HINDI(1).txt,2134,IBPS RRB Prelims,Simplification,Simplification,,Moderate,Hindi,सरलीकरण करें: (70+5)×5,सरलीकरण करें: (70+5)×5,,375,378,372,381,A,पहले कोष्ठक: 75; फिर ×5 = 375।,pending_review,,e8d0c5af70311cf3
IBPS_RRB_PRELIMS_BULK_4000_MCQ_HINDI(1).txt,2135,IBPS RRB Prelims,Simplification,Simplification,,Moderate,Hindi,सरलीकरण करें: 1710÷9+12,सरलीकरण करें: 1710÷9+12,,202,205,199,208,A,1710÷9=190; फिर +12=202।,pending_review,,45a3b908277f59c9
IBPS_RRB_PRELIMS_BULK_4000_MCQ_HINDI(1).txt,2136,IBPS RRB Prelims,Simplification,Simplification,,Moderate,Hindi,सरलीकरण करें: (72+7)×4,सरलीकरण करें: (72+7)×4,,316,319,313,322,A,पहले कोष्ठक: 79; फिर ×4 = 316।,pending_review,,50ea465bccd94bc7
IBPS_RRB_PRELIMS_BULK_4000_MCQ_HINDI(1).txt,2137,IBPS RRB Prelims,Simplification,Simplification,,Moderate,Hindi,सरलीकरण करें: (194+11)×9,सरलीकरण करें: (194+11)×9,,1845,1848,1842,1851,A,पहले कोष्ठक: 205; फिर ×9 = 1845।,pending_review,,7ace08b7382c14b8
IBPS_RRB_PRELIMS_BULK_4000_MCQ_HINDI(1).txt,2138,IBPS RRB Prelims,Simplification,Simplification,,Moderate,Hindi,सरलीकरण करें: 56+6×15,सरलीकरण करें: 56+6×15,,146,149,143,152,A,पहले गुणा: 6×15=90; फिर जोड़कर 146।,pending_review,,0636a20b3c2d9408
IBPS_RRB_PRELIMS_BULK_4000_MCQ_HINDI(1).txt,2139,IBPS RRB Prelims,Simplification,Simplification,,Moderate,Hindi,सरलीकरण करें: 1414÷14+11,सरलीकरण करें: 1414÷14+11,,112,115,109,118,A,1414÷14=101; फिर +11=112।,pending_review,,c7cfd58c2046aad1
IBPS_RRB_PRELIMS_BULK_4000_MCQ_HINDI(1).txt,2140,IBPS RRB Prelims,Simplification,Simplification,,Moderate,Hindi,सरलीकरण करें: 196+17×12,सरलीकरण करें: 196+17×12,,400,403,397,406,A,पहले गुणा: 17×12=204; फिर जोड़कर 400।,pending_review,,1601b9a48fcf5512
IBPS_RRB_PRELIMS_BULK_4000_MCQ_HINDI(1).txt,2141,IBPS RRB Prelims,Simplification,Simplification,,Moderate,Hindi,सरलीकरण करें: 79+6×2,सरलीकरण करें: 79+6×2,,91,94,88,97,A,पहले गुणा: 6×2=12; फिर जोड़कर 91।,pending_review,,a9bf601cc898e155
IBPS_RRB_PRELIMS_BULK_4000_MCQ_HINDI(1).txt,2142,IBPS RRB Prelims,Simplification,Simplification,,Moderate,Hindi,सरलीकरण करें: 77+20×6,सरलीकरण करें: 77+20×6,,197,200,194,203,A,पहले गुणा: 20×6=120; फिर जोड़कर 197।,pending_review,,ec22a00666e06773
IBPS_RRB_PRELIMS_BULK_4000_MCQ_HINDI(1).txt,2143,IBPS RRB Prelims,Simplification,Simplification,,Moderate,Hindi,सरलीकरण करें: 148+11×14,सरलीकरण करें: 148+11×14,,302,305,299,308,A,पहले गुणा: 11×14=154; फिर जोड़कर 302।,pending_review,,10b3160c3243dbac
IBPS_RRB_PRELIMS_BULK_4000_MCQ_HINDI(1).txt,2144,IBPS RRB Prelims,Simplification,Simplification,,Moderate,Hindi,सरलीकरण करें: 200÷5−3,सरलीकरण करें: 200÷5−3,,37,40,34,43,A,200÷5=40; फिर −3=37।,pending_review,,6d38ace7a268d25d
IBPS_RRB_PRELIMS_BULK_4000_MCQ_HINDI(1).txt,2145,IBPS RRB Prelims,Simplification,Simplification,,Moderate,Hindi,सरलीकरण करें: (127+6)×15,सरलीकरण करें: (127+6)×15,,1995,1998,1992,2001,A,पहले कोष्ठक: 133; फिर ×15 = 1995।,pending_review,,f5977c7c2f24b17f
IBPS_RRB_PRELIMS_BULK_4000_MCQ_HINDI(1).txt,2146,IBPS RRB Prelims,Simplification,Simplification,,Moderate,Hindi,सरलीकरण करें: 2460÷20+17,सरलीकरण करें: 2460÷20+17,,140,143,137,146,A,2460÷20=123; फिर +17=140।,pending_review,,da92ef640a5bd609
IBPS_RRB_PRELIMS_BULK_4000_MCQ_HINDI(1).txt,2147,IBPS RRB Prelims,Simplification,Simplification,,Moderate,Hindi,सरलीकरण करें: (46+2)×3,सरलीकरण करें: (46+2)×3,,144,147,141,150,A,पहले कोष्ठक: 48; फिर ×3 = 144।,pending_review,,12072d4c2291bc56
IBPS_RRB_PRELIMS_BULK_4000_MCQ_HINDI(1).txt,2148,IBPS RRB Prelims,Simplification,Simplification,,Moderate,Hindi,सरलीकरण करें: (181+18)×2,सरलीकरण करें: (181+18)×2,,398,401,395,404,A,पहले कोष्ठक: 199; फिर ×2 = 398।,pending_review,,af5e65d00926af0b
IBPS_RRB_PRELIMS_BULK_4000_MCQ_HINDI(1).txt,2149,IBPS RRB Prelims,Simplification,Simplification,,Moderate,Hindi,सरलीकरण करें: 74+9×13,सरलीकरण करें: 74+9×13,,191,194,188,197,A,पहले गुणा: 9×13=117; फिर जोड़कर 191।,pending_review,,568915e1833a76da
IBPS_RRB_PRELIMS_BULK_4000_MCQ_HINDI(1).txt,2150,IBPS RRB Prelims,Simplification,Simplification,,Moderate,Hindi,सरलीकरण करें: 1440÷10+17,सरलीकरण करें: 1440÷10+17,,161,164,158,167,A,1440÷10=144; फिर +17=161।,pending_review,,a17bcaa6da53cfb5
IBPS_RRB_PRELIMS_BULK_4000_MCQ_HINDI(1).txt,2151,IBPS RRB Prelims,Simplification,Simplification,,Moderate,Hindi,सरलीकरण करें: 167+9×2,सरलीकरण करें: 167+9×2,,185,188,182,191,A,पहले गुणा: 9×2=18; फिर जोड़कर 185।,pending_review,,6cc93f362cf6747e
IBPS_RRB_PRELIMS_BULK_4000_MCQ_HINDI(1).txt,2152,IBPS RRB Prelims,Simplification,Simplification,,Moderate,Hindi,सरलीकरण करें: (165+15)×5,सरलीकरण करें: (165+15)×5,,900,903,897,906,A,पहले कोष्ठक: 180; फिर ×5 = 900।,pending_review,,f4d2900626eab6d7
IBPS_RRB_PRELIMS_BULK_4000_MCQ_HINDI(1).txt,2153,IBPS RRB Prelims,Simplification,Simplification,,Moderate,Hindi,सरलीकरण करें: (154+10)×16,सरलीकरण करें: (154+10)×16,,2624,2627,2621,2630,A,पहले कोष्ठक: 164; फिर ×16 = 2624।,pending_review,,9a4b265c1adcce05
IBPS_RRB_PRELIMS_BULK_4000_MCQ_HINDI(1).txt,2154,IBPS RRB Prelims,Simplification,Simplification,,Moderate,Hindi,सरलीकरण करें: 616÷11−4,सरलीकरण करें: 616÷11−4,,52,55,49,58,A,616÷11=56; फिर −4=52।,pending_review,,707560782af85583
IBPS_RRB_PRELIMS_BULK_4000_MCQ_HINDI(1).txt,2155,IBPS RRB Prelims,Simplification,Simplification,,Moderate,Hindi,सरलीकरण करें: (70+17)×16,सरलीकरण करें: (70+17)×16,,1392,1395,1389,1398,A,पहले कोष्ठक: 87; फिर ×16 = 1392।,pending_review,,bf4a8e5479576a1d
IBPS_RRB_PRELIMS_BULK_4000_MCQ_HINDI(1).txt,2156,IBPS RRB Prelims,Simplification,Simplification,,Moderate,Hindi,सरलीकरण करें: 539÷11−12,सरलीकरण करें: 539÷11−12,,37,40,34,43,A,539÷11=49; फिर −12=37।,pending_review,,5e4eb321230a1977
IBPS_RRB_PRELIMS_BULK_4000_MCQ_HINDI(1).txt,2157,IBPS RRB Prelims,Simplification,Simplification,,Moderate,Hindi,सरलीकरण करें: 178÷2−12,सरलीकरण करें: 178÷2−12,,77,80,74,83,A,178÷2=89; फिर −12=77।,pending_review,,29bf2f82302141cd
IBPS_RRB_PRELIMS_BULK_4000_MCQ_HINDI(1).txt,2158,IBPS RRB Prelims,Simplification,Simplification,,Moderate,Hindi,सरलीकरण करें: 178+9×13,सरलीकरण करें: 178+9×13,,295,298,292,301,A,पहले गुणा: 9×13=117; फिर जोड़कर 295।,pending_review,,0a7dd9985f99978e
IBPS_RRB_PRELIMS_BULK_4000_MCQ_HINDI(1).txt,2159,IBPS RRB Prelims,Simplification,Simplification,,Moderate,Hindi,सरलीकरण करें: 2178÷18−10,सरलीकरण करें: 2178÷18−10,,111,114,108,117,A,2178÷18=121; फिर −10=111।,pending_review,,8dc3b902d47a0fb6
IBPS_RRB_PRELIMS_BULK_4000_MCQ_HINDI(1).txt,2160,IBPS RRB Prelims,Simplification,Simplification,,Moderate,Hindi,सरलीकरण करें: (65+5)×3,सरलीकरण करें: (65+5)×3,,210,213,207,216,A,पहले कोष्ठक: 70; फिर ×3 = 210।,pending_review,,05c57c5079aa0f14
IBPS_RRB_PRELIMS_BULK_4000_MCQ_HINDI(1).txt,2161,IBPS RRB Prelims,Simplification,Simplification,,Moderate,Hindi,सरलीकरण करें: 1224÷12−7,सरलीकरण करें: 1224÷12−7,,95,98,92,101,A,1224÷12=102; फिर −7=95।,pending_review,,de4afbb8488dc9fa
IBPS_RRB_PRELIMS_BULK_4000_MCQ_HINDI(1).txt,2162,IBPS RRB Prelims,Simplification,Simplification,,Moderate,Hindi,सरलीकरण करें: (143+2)×19,सरलीकरण करें: (143+2)×19,,2755,2758,2752,2761,A,पहले कोष्ठक: 145; फिर ×19 = 2755।,pending_review,,29975741105c3b0b
IBPS_RRB_PRELIMS_BULK_4000_MCQ_HINDI(1).txt,2163,IBPS RRB Prelims,Simplification,Simplification,,Moderate,Hindi,सरलीकरण करें: 2415÷15+10,सरलीकरण करें: 2415÷15+10,,171,174,168,177,A,2415÷15=161; फिर +10=171।,pending_review,,5c9aca4322ba9ed4
IBPS_RRB_PRELIMS_BULK_4000_MCQ_HINDI(1).txt,2164,IBPS RRB Prelims,Simplification,Simplification,,Moderate,Hindi,सरलीकरण करें: 492÷6+2,सरलीकरण करें: 492÷6+2,,84,87,81,90,A,492÷6=82; फिर +2=84।,pending_review,,5efc1f79c10fb943
IBPS_RRB_PRELIMS_BULK_4000_MCQ_HINDI(1).txt,2165,IBPS RRB Prelims,Simplification,Simplification,,Moderate,Hindi,सरलीकरण करें: 198+19×18,सरलीकरण करें: 198+19×18,,540,543,537,546,A,पहले गुणा: 19×18=342; फिर जोड़कर 540।,pending_review,,92f09ded65c8bde9
IBPS_RRB_PRELIMS_BULK_4000_MCQ_HINDI(1).txt,2166,IBPS RRB Prelims,Simplification,Simplification,,Moderate,Hindi,सरलीकरण करें: 133+15×16,सरलीकरण करें: 133+15×16,,373,376,370,379,A,पहले गुणा: 15×16=240; फिर जोड़कर 373।,pending_review,,1cbb3e2141f1fef2
IBPS_RRB_PRELIMS_BULK_4000_MCQ_HINDI(1).txt,2167,IBPS RRB Prelims,Simplification,Simplification,,Moderate,Hindi,सरलीकरण करें: 1539÷9+2,सरलीकरण करें: 1539÷9+2,,173,176,170,179,A,1539÷9=171; फिर +2=173।,pending_review,,5794daab0573148a
IBPS_RRB_PRELIMS_BULK_4000_MCQ_HINDI(1).txt,2168,IBPS RRB Prelims,Simplification,Simplification,,Moderate,Hindi,सरलीकरण करें: 396÷18+6,सरलीकरण करें: 396÷18+6,,28,31,25,34,A,396÷18=22; फिर +6=28।,pending_review,,4b6670bece383eec
IBPS_RRB_PRELIMS_BULK_4000_MCQ_HINDI(1).txt,2169,IBPS RRB Prelims,Simplification,Simplification,,Moderate,Hindi,सरलीकरण करें: (89+12)×7,सरलीकरण करें: (89+12)×7,,707,710,704,713,A,पहले कोष्ठक: 101; फिर ×7 = 707।,pending_review,,df78330ec6cfd224
IBPS_RRB_PRELIMS_BULK_4000_MCQ_HINDI(1).txt,2170,IBPS RRB Prelims,Simplification,Simplification,,Moderate,Hindi,सरलीकरण करें: (180+17)×17,सरलीकरण करें: (180+17)×17,,3349,3352,3346,3355,A,पहले कोष्ठक: 197; फिर ×17 = 3349।,pending_review,,738320de14ab4fab
IBPS_RRB_PRELIMS_BULK_4000_MCQ_HINDI(1).txt,2171,IBPS RRB Prelims,Simplification,Simplification,,Moderate,Hindi,सरलीकरण करें: 106+9×19,सरलीकरण करें: 106+9×19,,277,280,274,283,A,पहले गुणा: 9×19=171; फिर जोड़कर 277।,pending_review,,0384efd342e4a092
IBPS_RRB_PRELIMS_BULK_4000_MCQ_HINDI(1).txt,2172,IBPS RRB Prelims,Simplification,Simplification,,Moderate,Hindi,सरलीकरण करें: 74+11×14,सरलीकरण करें: 74+11×14,,228,231,225,234,A,पहले गुणा: 11×14=154; फिर जोड़कर 228।,pending_review,,b906fb9bb403e32a
IBPS_RRB_PRELIMS_BULK_4000_MCQ_HINDI(1).txt,2173,IBPS RRB Prelims,Simplification,Simplification,,Moderate,Hindi,सरलीकरण करें: (165+11)×2,सरलीकरण करें: (165+11)×2,,352,355,349,358,A,पहले कोष्ठक: 176; फिर ×2 = 352।,pending_review,,1929cc40bacbad74
IBPS_RRB_PRELIMS_BULK_4000_MCQ_HINDI(1).txt,2174,IBPS RRB Prelims,Simplification,Simplification,,Moderate,Hindi,सरलीकरण करें: 225÷9−9,सरलीकरण करें: 225÷9−9,,16,19,13,22,A,225÷9=25; फिर −9=16।,pending_review,,18ba8c98fd2ffba1
IBPS_RRB_PRELIMS_BULK_4000_MCQ_HINDI(1).txt,2175,IBPS RRB Prelims,Simplification,Simplification,,Moderate,Hindi,सरलीकरण करें: 65+15×7,सरलीकरण करें: 65+15×7,,170,173,167,176,A,पहले गुणा: 15×7=105; फिर जोड़कर 170।,pending_review,,78aba801667069aa
IBPS_RRB_PRELIMS_BULK_4000_MCQ_HINDI(1).txt,2176,IBPS RRB Prelims,Simplification,Simplification,,Moderate,Hindi,सरलीकरण करें: (88+5)×15,सरलीकरण करें: (88+5)×15,,1395,1398,1392,1401,A,पहले कोष्ठक: 93; फिर ×15 = 1395।,pending_review,,77500baeb10468c5
IBPS_RRB_PRELIMS_BULK_4000_MCQ_HINDI(1).txt,2177,IBPS RRB Prelims,Simplification,Simplification,,Moderate,Hindi,सरलीकरण करें: (96+8)×9,सरलीकरण करें: (96+8)×9,,936,939,933,942,A,पहले कोष्ठक: 104; फिर ×9 = 936।,pending_review,,36a701f18416a7b8
IBPS_RRB_PRELIMS_BULK_4000_MCQ_HINDI(1).txt,2178,IBPS RRB Prelims,Simplification,Simplification,,Moderate,Hindi,सरलीकरण करें: 265÷5−6,सरलीकरण करें: 265÷5−6,,47,50,44,53,A,265÷5=53; फिर −6=47।,pending_review,,5f2b85cb6335bcc9
IBPS_RRB_PRELIMS_BULK_4000_MCQ_HINDI(1).txt,2179,IBPS RRB Prelims,Simplification,Simplification,,Moderate,Hindi,सरलीकरण करें: 2800÷20+13,सरलीकरण करें: 2800÷20+13,,153,156,150,159,A,2800÷20=140; फिर +13=153।,pending_review,,d3b05b519a3524e3
IBPS_RRB_PRELIMS_BULK_4000_MCQ_HINDI(1).txt,2180,IBPS RRB Prelims,Simplification,Simplification,,Moderate,Hindi,सरलीकरण करें: 3629÷19+20,सरलीकरण करें: 3629÷19+20,,211,214,208,217,A,3629÷19=191; फिर +20=211।,pending_review,,84131335014b7f6f
IBPS_RRB_PRELIMS_BULK_4000_MCQ_HINDI(1).txt,2181,IBPS RRB Prelims,Simplification,Simplification,,Moderate,Hindi,सरलीकरण करें: 107+15×10,सरलीकरण करें: 107+15×10,,257,260,254,263,A,पहले गुणा: 15×10=150; फिर जोड़कर 257।,pending_review,,db3e840697b72793
IBPS_RRB_PRELIMS_BULK_4000_MCQ_HINDI(1).txt,2182,IBPS RRB Prelims,Simplification,Simplification,,Moderate,Hindi,सरलीकरण करें: 969÷19−11,सरलीकरण करें: 969÷19−11,,40,43,37,46,A,969÷19=51; फिर −11=40।,pending_review,,86a9e6cd7be812f3
IBPS_RRB_PRELIMS_BULK_4000_MCQ_HINDI(1).txt,2183,IBPS RRB Prelims,Simplification,Simplification,,Moderate,Hindi,सरलीकरण करें: 195+12×13,सरलीकरण करें: 195+12×13,,351,354,348,357,A,पहले गुणा: 12×13=156; फिर जोड़कर 351।,pending_review,,b6915ddcdb23fb74
IBPS_RRB_PRELIMS_BULK_4000_MCQ_HINDI(1).txt,2184,IBPS RRB Prelims,Simplification,Simplification,,Moderate,Hindi,सरलीकरण करें: 760÷4+11,सरलीकरण करें: 760÷4+11,,201,204,198,207,A,760÷4=190; फिर +11=201।,pending_review,,50e8e1d00eb1aafe
IBPS_RRB_PRELIMS_BULK_4000_MCQ_HINDI(1).txt,2185,IBPS RRB Prelims,Simplification,Simplification,,Moderate,Hindi,सरलीकरण करें: 357÷7+11,सरलीकरण करें: 357÷7+11,,62,65,59,68,A,357÷7=51; फिर +11=62।,pending_review,,bc3b105b842f21e8
IBPS_RRB_PRELIMS_BULK_4000_MCQ_HINDI(1).txt,2186,IBPS RRB Prelims,Simplification,Simplification,,Moderate,Hindi,सरलीकरण करें: 125+14×5,सरलीकरण करें: 125+14×5,,195,198,192,201,A,पहले गुणा: 14×5=70; फिर जोड़कर 195।,pending_review,,ca9188e344230b22
IBPS_RRB_PRELIMS_BULK_4000_MCQ_HINDI(1).txt,2187,IBPS RRB Prelims,Simplification,Simplification,,Moderate,Hindi,सरलीकरण करें: 190+20×4,सरलीकरण करें: 190+20×4,,270,273,267,276,A,पहले गुणा: 20×4=80; फिर जोड़कर 270।,pending_review,,8b9076db0efffc55
IBPS_RRB_PRELIMS_BULK_4000_MCQ_HINDI(1).txt,2188,IBPS RRB Prelims,Simplification,Simplification,,Moderate,Hindi,सरलीकरण करें: 1674÷18−11,सरलीकरण करें: 1674÷18−11,,82,85,79,88,A,1674÷18=93; फिर −11=82।,pending_review,,e73a0b6e9e72ee7f
IBPS_RRB_PRELIMS_BULK_4000_MCQ_HINDI(1).txt,2189,IBPS RRB Prelims,Simplification,Simplification,,Moderate,Hindi,सरलीकरण करें: 3204÷18−15,सरलीकरण करें: 3204÷18−15,,163,166,160,169,A,3204÷18=178; फिर −15=163।,pending_review,,acefe4b7c78b0af7
IBPS_RRB_PRELIMS_BULK_4000_MCQ_HINDI(1).txt,2190,IBPS RRB Prelims,Simplification,Simplification,,Moderate,Hindi,सरलीकरण करें: 240÷6+7,सरलीकरण करें: 240÷6+7,,47,50,44,53,A,240÷6=40; फिर +7=47।,pending_review,,5245ad0bc226b78e
IBPS_RRB_PRELIMS_BULK_4000_MCQ_HINDI(1).txt,2191,IBPS RRB Prelims,Simplification,Simplification,,Moderate,Hindi,सरलीकरण करें: 2272÷16−19,सरलीकरण करें: 2272÷16−19,,123,126,120,129,A,2272÷16=142; फिर −19=123।,pending_review,,2a2574bba61a9d21
IBPS_RRB_PRELIMS_BULK_4000_MCQ_HINDI(1).txt,2192,IBPS RRB Prelims,Simplification,Simplification,,Moderate,Hindi,सरलीकरण करें: 72+19×8,सरलीकरण करें: 72+19×8,,224,227,221,230,A,पहले गुणा: 19×8=152; फिर जोड़कर 224।,pending_review,,bc8df47db332c970
IBPS_RRB_PRELIMS_BULK_4000_MCQ_HINDI(1).txt,2193,IBPS RRB Prelims,Simplification,Simplification,,Moderate,Hindi,सरलीकरण करें: 76+3×7,सरलीकरण करें: 76+3×7,,97,100,94,103,A,पहले गुणा: 3×7=21; फिर जोड़कर 97।,pending_review,,8e4e3378123a65be
IBPS_RRB_PRELIMS_BULK_4000_MCQ_HINDI(1).txt,2194,IBPS RRB Prelims,Simplification,Simplification,,Moderate,Hindi,सरलीकरण करें: 140÷7+18,सरलीकरण करें: 140÷7+18,,38,41,35,44,A,140÷7=20; फिर +18=38।,pending_review,,9a6ff59871677e5f
IBPS_RRB_PRELIMS_BULK_4000_MCQ_HINDI(1).txt,2195,IBPS RRB Prelims,Simplification,Simplification,,Moderate,Hindi,सरलीकरण करें: 268÷2+5,सरलीकरण करें: 268÷2+5,,139,142,136,145,A,268÷2=134; फिर +5=139।,pending_review,,dce2016e0617ac31
IBPS_RRB_PRELIMS_BULK_4000_MCQ_HINDI(1).txt,2196,IBPS RRB Prelims,Simplification,Simplification,,Moderate,Hindi,सरलीकरण करें: 796÷4+3,सरलीकरण करें: 796÷4+3,,202,205,199,208,A,796÷4=199; फिर +3=202।,pending_review,,84e600f760919f0c
IBPS_RRB_PRELIMS_BULK_4000_MCQ_HINDI(1).txt,2197,IBPS RRB Prelims,Simplification,Simplification,,Moderate,Hindi,सरलीकरण करें: 1696÷16+16,सरलीकरण करें: 1696÷16+16,,122,125,119,128,A,1696÷16=106; फिर +16=122।,pending_review,,b2b14b4bb26fa52c
IBPS_RRB_PRELIMS_BULK_4000_MCQ_HINDI(1).txt,2198,IBPS RRB Prelims,Simplification,Simplification,,Moderate,Hindi,सरलीकरण करें: 124+18×3,सरलीकरण करें: 124+18×3,,178,181,175,184,A,पहले गुणा: 18×3=54; फिर जोड़कर 178।,pending_review,,ac75b0aa6c93ed69
IBPS_RRB_PRELIMS_BULK_4000_MCQ_HINDI(1).txt,2199,IBPS RRB Prelims,Simplification,Simplification,,Moderate,Hindi,सरलीकरण करें: 51+20×20,सरलीकरण करें: 51+20×20,,451,454,448,457,A,पहले गुणा: 20×20=400; फिर जोड़कर 451।,pending_review,,74a83f808e16302b
IBPS_RRB_PRELIMS_BULK_4000_MCQ_HINDI(1).txt,2200,IBPS RRB Prelims,Simplification,Simplification,,Moderate,Hindi,सरलीकरण करें: 695÷5+15,सरलीकरण करें: 695÷5+15,,154,157,151,160,A,695÷5=139; फिर +15=154।,pending_review,,bd83a0c6d7039845
IBPS_RRB_PRELIMS_BULK_4000_MCQ_HINDI(1).txt,2201,IBPS RRB Prelims,Simplification,Simplification,,Moderate,Hindi,सरलीकरण करें: 82+17×14,सरलीकरण करें: 82+17×14,,320,323,317,326,A,पहले गुणा: 17×14=238; फिर जोड़कर 320।,pending_review,,cd9b725ce4d9fde2
IBPS_RRB_PRELIMS_BULK_4000_MCQ_HINDI(1).txt,2202,IBPS RRB Prelims,Simplification,Simplification,,Moderate,Hindi,सरलीकरण करें: 2240÷14−15,सरलीकरण करें: 2240÷14−15,,145,148,142,151,A,2240÷14=160; फिर −15=145।,pending_review,,a47d546402e9bf82
IBPS_RRB_PRELIMS_BULK_4000_MCQ_HINDI(1).txt,2203,IBPS RRB Prelims,Simplification,Simplification,,Moderate,Hindi,सरलीकरण करें: 1818÷18−16,सरलीकरण करें: 1818÷18−16,,85,88,82,91,A,1818÷18=101; फिर −16=85।,pending_review,,50abbf53baa9d7fa
IBPS_RRB_PRELIMS_BULK_4000_MCQ_HINDI(1).txt,2204,IBPS RRB Prelims,Simplification,Simplification,,Moderate,Hindi,सरलीकरण करें: 336÷16+12,सरलीकरण करें: 336÷16+12,,33,36,30,39,A,336÷16=21; फिर +12=33।,pending_review,,1bec162a18672559
IBPS_RRB_PRELIMS_BULK_4000_MCQ_HINDI(1).txt,2205,IBPS RRB Prelims,Simplification,Simplification,,Moderate,Hindi,सरलीकरण करें: (111+14)×12,सरलीकरण करें: (111+14)×12,,1500,1503,1497,1506,A,पहले कोष्ठक: 125; फिर ×12 = 1500।,pending_review,,81841497ce971ec8
IBPS_RRB_PRELIMS_BULK_4000_MCQ_HINDI(1).txt,2206,IBPS RRB Prelims,Simplification,Simplification,,Moderate,Hindi,सरलीकरण करें: (58+5)×8,सरलीकरण करें: (58+5)×8,,504,507,501,510,A,पहले कोष्ठक: 63; फिर ×8 = 504।,pending_review,,12aca3839a1a034d
IBPS_RRB_PRELIMS_BULK_4000_MCQ_HINDI(1).txt,2207,IBPS RRB Prelims,Simplification,Simplification,,Moderate,Hindi,सरलीकरण करें: (104+4)×15,सरलीकरण करें: (104+4)×15,,1620,1623,1617,1626,A,पहले कोष्ठक: 108; फिर ×15 = 1620।,pending_review,,d96d6b01330697ea
IBPS_RRB_PRELIMS_BULK_4000_MCQ_HINDI(1).txt,2208,IBPS RRB Prelims,Simplification,Simplification,,Moderate,Hindi,सरलीकरण करें: 2622÷19−20,सरलीकरण करें: 2622÷19−20,,118,121,115,124,A,2622÷19=138; फिर −20=118।,pending_review,,bb5bfdf14752b785
IBPS_RRB_PRELIMS_BULK_4000_MCQ_HINDI(1).txt,2209,IBPS RRB Prelims,Simplification,Simplification,,Moderate,Hindi,सरलीकरण करें: 147+3×17,सरलीकरण करें: 147+3×17,,198,201,195,204,A,पहले गुणा: 3×17=51; फिर जोड़कर 198।,pending_review,,4338ab88f9917b29
IBPS_RRB_PRELIMS_BULK_4000_MCQ_HINDI(1).txt,2210,IBPS RRB Prelims,Simplification,Simplification,,Moderate,Hindi,सरलीकरण करें: (76+16)×16,सरलीकरण करें: (76+16)×16,,1472,1475,1469,1478,A,पहले कोष्ठक: 92; फिर ×16 = 1472।,pending_review,,a89e89f529c0cbbc
IBPS_RRB_PRELIMS_BULK_4000_MCQ_HINDI(1).txt,2211,IBPS RRB Prelims,Simplification,Simplification,,Moderate,Hindi,सरलीकरण करें: 53+6×18,सरलीकरण करें: 53+6×18,,161,164,158,167,A,पहले गुणा: 6×18=108; फिर जोड़कर 161।,pending_review,,bbdea97b67e4ef03
IBPS_RRB_PRELIMS_BULK_4000_MCQ_HINDI(1).txt,2212,IBPS RRB Prelims,Simplification,Simplification,,Moderate,Hindi,सरलीकरण करें: 93÷3−19,सरलीकरण करें: 93÷3−19,,12,15,9,18,A,93÷3=31; फिर −19=12।,pending_review,,346d341c7051ce6f
IBPS_RRB_PRELIMS_BULK_4000_MCQ_HINDI(1).txt,2213,IBPS RRB Prelims,Simplification,Simplification,,Moderate,Hindi,सरलीकरण करें: (181+8)×3,सरलीकरण करें: (181+8)×3,,567,570,564,573,A,पहले कोष्ठक: 189; फिर ×3 = 567।,pending_review,,d25266cb763a0246
IBPS_RRB_PRELIMS_BULK_4000_MCQ_HINDI(1).txt,2214,IBPS RRB Prelims,Simplification,Simplification,,Moderate,Hindi,सरलीकरण करें: 736÷4+4,सरलीकरण करें: 736÷4+4,,188,191,185,194,A,736÷4=184; फिर +4=188।,pending_review,,696389c1f81382a0
IBPS_RRB_PRELIMS_BULK_4000_MCQ_HINDI(1).txt,2215,IBPS RRB Prelims,Simplification,Simplification,,Moderate,Hindi,सरलीकरण करें: 1581÷17+19,सरलीकरण करें: 1581÷17+19,,112,115,109,118,A,1581÷17=93; फिर +19=112।,pending_review,,1541e1cac8f404cb
IBPS_RRB_PRELIMS_BULK_4000_MCQ_HINDI(1).txt,2216,IBPS RRB Prelims,Simplification,Simplification,,Moderate,Hindi,सरलीकरण करें: 71+9×17,सरलीकरण करें: 71+9×17,,224,227,221,230,A,पहले गुणा: 9×17=153; फिर जोड़कर 224।,pending_review,,b3f44ca1b1a78ec4
IBPS_RRB_PRELIMS_BULK_4000_MCQ_HINDI(1).txt,2217,IBPS RRB Prelims,Simplification,Simplification,,Moderate,Hindi,सरलीकरण करें: 147+15×11,सरलीकरण करें: 147+15×11,,312,315,309,318,A,पहले गुणा: 15×11=165; फिर जोड़कर 312।,pending_review,,40c92531c581e271
IBPS_RRB_PRELIMS_BULK_4000_MCQ_HINDI(1).txt,2218,IBPS RRB Prelims,Simplification,Simplification,,Moderate,Hindi,सरलीकरण करें: 1275÷15+7,सरलीकरण करें: 1275÷15+7,,92,95,89,98,A,1275÷15=85; फिर +7=92।,pending_review,,ba7d2c45bd17e22c
IBPS_RRB_PRELIMS_BULK_4000_MCQ_HINDI(1).txt,2219,IBPS RRB Prelims,Simplification,Simplification,,Moderate,Hindi,सरलीकरण करें: 1080÷9+8,सरलीकरण करें: 1080÷9+8,,128,131,125,134,A,1080÷9=120; फिर +8=128।,pending_review,,23a6651bb27cd088
IBPS_RRB_PRELIMS_BULK_4000_MCQ_HINDI(1).txt,2220,IBPS RRB Prelims,Simplification,Simplification,,Moderate,Hindi,सरलीकरण करें: 2717÷19+13,सरलीकरण करें: 2717÷19+13,,156,159,153,162,A,2717÷19=143; फिर +13=156।,pending_review,,7dc36a116d58d5ad
IBPS_RRB_PRELIMS_BULK_4000_MCQ_HINDI(1).txt,2221,IBPS RRB Prelims,Simplification,Simplification,,Moderate,Hindi,सरलीकरण करें: 1104÷8−10,सरलीकरण करें: 1104÷8−10,,128,131,125,134,A,1104÷8=138; फिर −10=128।,pending_review,,aa55b22853316164
IBPS_RRB_PRELIMS_BULK_4000_MCQ_HINDI(1).txt,2222,IBPS RRB Prelims,Simplification,Simplification,,Moderate,Hindi,सरलीकरण करें: 59+16×6,सरलीकरण करें: 59+16×6,,155,158,152,161,A,पहले गुणा: 16×6=96; फिर जोड़कर 155।,pending_review,,23495d3ca0093486
IBPS_RRB_PRELIMS_BULK_4000_MCQ_HINDI(1).txt,2223,IBPS RRB Prelims,Simplification,Simplification,,Moderate,Hindi,सरलीकरण करें: 20+6×10,सरलीकरण करें: 20+6×10,,80,83,77,86,A,पहले गुणा: 6×10=60; फिर जोड़कर 80।,pending_review,,b212803294550992
IBPS_RRB_PRELIMS_BULK_4000_MCQ_HINDI(1).txt,2224,IBPS RRB Prelims,Simplification,Simplification,,Moderate,Hindi,सरलीकरण करें: 117+9×18,सरलीकरण करें: 117+9×18,,279,282,276,285,A,पहले गुणा: 9×18=162; फिर जोड़कर 279।,pending_review,,49d3bf8cd709cc71
IBPS_RRB_PRELIMS_BULK_4000_MCQ_HINDI(1).txt,2225,IBPS RRB Prelims,Simplification,Simplification,,Moderate,Hindi,सरलीकरण करें: (140+17)×5,सरलीकरण करें: (140+17)×5,,785,788,782,791,A,पहले कोष्ठक: 157; फिर ×5 = 785।,pending_review,,e8a435bb591daf53
IBPS_RRB_PRELIMS_BULK_4000_MCQ_HINDI(1).txt,2226,IBPS RRB Prelims,Simplification,Simplification,,Moderate,Hindi,सरलीकरण करें: (113+12)×14,सरलीकरण करें: (113+12)×14,,1750,1753,1747,1756,A,पहले कोष्ठक: 125; फिर ×14 = 1750।,pending_review,,7f138a7cc0b0dc02
IBPS_RRB_PRELIMS_BULK_4000_MCQ_HINDI(1).txt,2227,IBPS RRB Prelims,Simplification,Simplification,,Moderate,Hindi,सरलीकरण करें: 295÷5+7,सरलीकरण करें: 295÷5+7,,66,69,63,72,A,295÷5=59; फिर +7=66।,pending_review,,a21dba1acc08a5ce
IBPS_RRB_PRELIMS_BULK_4000_MCQ_HINDI(1).txt,2228,IBPS RRB Prelims,Simplification,Simplification,,Moderate,Hindi,सरलीकरण करें: 584÷4−20,सरलीकरण करें: 584÷4−20,,126,129,123,132,A,584÷4=146; फिर −20=126।,pending_review,,119d20fd7479e50f
IBPS_RRB_PRELIMS_BULK_4000_MCQ_HINDI(1).txt,2229,IBPS RRB Prelims,Simplification,Simplification,,Moderate,Hindi,सरलीकरण करें: 156÷3+8,सरलीकरण करें: 156÷3+8,,60,63,57,66,A,156÷3=52; फिर +8=60।,pending_review,,96a73ccf7171767f
IBPS_RRB_PRELIMS_BULK_4000_MCQ_HINDI(1).txt,2230,IBPS RRB Prelims,Simplification,Simplification,,Moderate,Hindi,सरलीकरण करें: 2862÷18+13,सरलीकरण करें: 2862÷18+13,,172,175,169,178,A,2862÷18=159; फिर +13=172।,pending_review,,3a8a677ae9835e6c
IBPS_RRB_PRELIMS_BULK_4000_MCQ_HINDI(1).txt,2231,IBPS RRB Prelims,Simplification,Simplification,,Moderate,Hindi,सरलीकरण करें: 516÷12+9,सरलीकरण करें: 516÷12+9,,52,55,49,58,A,516÷12=43; फिर +9=52।,pending_review,,f3e909b869961667
IBPS_RRB_PRELIMS_BULK_4000_MCQ_HINDI(1).txt,2232,IBPS RRB Prelims,Simplification,Simplification,,Moderate,Hindi,सरलीकरण करें: 25+8×14,सरलीकरण करें: 25+8×14,,137,140,134,143,A,पहले गुणा: 8×14=112; फिर जोड़कर 137।,pending_review,,f4d0cc663501f34e
IBPS_RRB_PRELIMS_BULK_4000_MCQ_HINDI(1).txt,2233,IBPS RRB Prelims,Simplification,Simplification,,Moderate,Hindi,सरलीकरण करें: (36+2)×8,सरलीकरण करें: (36+2)×8,,304,307,301,310,A,पहले कोष्ठक: 38; फिर ×8 = 304।,pending_review,,2059a712cb17dbbc
IBPS_RRB_PRELIMS_BULK_4000_MCQ_HINDI(1).txt,2234,IBPS RRB Prelims,Simplification,Simplification,,Moderate,Hindi,सरलीकरण करें: 525÷7−10,सरलीकरण करें: 525÷7−10,,65,68,62,71,A,525÷7=75; फिर −10=65।,pending_review,,3fb89d1efc3f02b3
IBPS_RRB_PRELIMS_BULK_4000_MCQ_HINDI(1).txt,2235,IBPS RRB Prelims,Simplification,Simplification,,Moderate,Hindi,सरलीकरण करें: (185+20)×5,सरलीकरण करें: (185+20)×5,,1025,1028,1022,1031,A,पहले कोष्ठक: 205; फिर ×5 = 1025।,pending_review,,230d4d09f88aaf5f
IBPS_RRB_PRELIMS_BULK_4000_MCQ_HINDI(1).txt,2236,IBPS RRB Prelims,Simplification,Simplification,,Moderate,Hindi,सरलीकरण करें: (101+13)×7,सरलीकरण करें: (101+13)×7,,798,801,795,804,A,पहले कोष्ठक: 114; फिर ×7 = 798।,pending_review,,6603ce77ab0d0784
IBPS_RRB_PRELIMS_BULK_4000_MCQ_HINDI(1).txt,2237,IBPS RRB Prelims,Simplification,Simplification,,Moderate,Hindi,सरलीकरण करें: (150+19)×12,सरलीकरण करें: (150+19)×12,,2028,2031,2025,2034,A,पहले कोष्ठक: 169; फिर ×12 = 2028।,pending_review,,56c394b03f98eb15
IBPS_RRB_PRELIMS_BULK_4000_MCQ_HINDI(1).txt,2238,IBPS RRB Prelims,Simplification,Simplification,,Moderate,Hindi,सरलीकरण करें: 573÷3−19,सरलीकरण करें: 573÷3−19,,172,175,169,178,A,573÷3=191; फिर −19=172।,pending_review,,70aa80a835b3faf5
IBPS_RRB_PRELIMS_BULK_4000_MCQ_HINDI(1).txt,2239,IBPS RRB Prelims,Simplification,Simplification,,Moderate,Hindi,सरलीकरण करें: 36+12×9,सरलीकरण करें: 36+12×9,,144,147,141,150,A,पहले गुणा: 12×9=108; फिर जोड़कर 144।,pending_review,,104770ff53dc5e5f
IBPS_RRB_PRELIMS_BULK_4000_MCQ_HINDI(1).txt,2240,IBPS RRB Prelims,Simplification,Simplification,,Moderate,Hindi,सरलीकरण करें: 66÷3−11,सरलीकरण करें: 66÷3−11,,11,14,8,17,A,66÷3=22; फिर −11=11।,pending_review,,7ba9e2943f5a2219
IBPS_RRB_PRELIMS_BULK_4000_MCQ_HINDI(1).txt,2241,IBPS RRB Prelims,Simplification,Simplification,,Moderate,Hindi,सरलीकरण करें: (126+6)×16,सरलीकरण करें: (126+6)×16,,2112,2115,2109,2118,A,पहले कोष्ठक: 132; फिर ×16 = 2112।,pending_review,,1fe5411b927781fa
IBPS_RRB_PRELIMS_BULK_4000_MCQ_HINDI(1).txt,2242,IBPS RRB Prelims,Simplification,Simplification,,Moderate,Hindi,सरलीकरण करें: (68+2)×6,सरलीकरण करें: (68+2)×6,,420,423,417,426,A,पहले कोष्ठक: 70; फिर ×6 = 420।,pending_review,,84f53136ad8ba672
IBPS_RRB_PRELIMS_BULK_4000_MCQ_HINDI(1).txt,2243,IBPS RRB Prelims,Simplification,Simplification,,Moderate,Hindi,सरलीकरण करें: 903÷7−16,सरलीकरण करें: 903÷7−16,,113,116,110,119,A,903÷7=129; फिर −16=113।,pending_review,,b1ed16c09626d243
IBPS_RRB_PRELIMS_BULK_4000_MCQ_HINDI(1).txt,2244,IBPS RRB Prelims,Simplification,Simplification,,Moderate,Hindi,सरलीकरण करें: (22+13)×16,सरलीकरण करें: (22+13)×16,,560,563,557,566,A,पहले कोष्ठक: 35; फिर ×16 = 560।,pending_review,,41bed38bbe484ae4
IBPS_RRB_PRELIMS_BULK_4000_MCQ_HINDI(1).txt,2245,IBPS RRB Prelims,Simplification,Simplification,,Moderate,Hindi,सरलीकरण करें: 936÷6+10,सरलीकरण करें: 936÷6+10,,166,169,163,172,A,936÷6=156; फिर +10=166।,pending_review,,8eb355694d73e257
IBPS_RRB_PRELIMS_BULK_4000_MCQ_HINDI(1).txt,2246,IBPS RRB Prelims,Simplification,Simplification,,Moderate,Hindi,सरलीकरण करें: 891÷11+7,सरलीकरण करें: 891÷11+7,,88,91,85,94,A,891÷11=81; फिर +7=88।,pending_review,,98f0d5c45b4d8135
IBPS_RRB_PRELIMS_BULK_4000_MCQ_HINDI(1).txt,2247,IBPS RRB Prelims,Simplification,Simplification,,Moderate,Hindi,सरलीकरण करें: (86+8)×20,सरलीकरण करें: (86+8)×20,,1880,1883,1877,1886,A,पहले कोष्ठक: 94; फिर ×20 = 1880।,pending_review,,6565a8a5f6ff9c00
IBPS_RRB_PRELIMS_BULK_4000_MCQ_HINDI(1).txt,2248,IBPS RRB Prelims,Simplification,Simplification,,Moderate,Hindi,सरलीकरण करें: 1026÷9−12,सरलीकरण करें: 1026÷9−12,,102,105,99,108,A,1026÷9=114; फिर −12=102।,pending_review,,434238f8ca55c5a8
IBPS_RRB_PRELIMS_BULK_4000_MCQ_HINDI(1).txt,2249,IBPS RRB Prelims,Simplification,Simplification,,Moderate,Hindi,सरलीकरण करें: 1155÷15−11,सरलीकरण करें: 1155÷15−11,,66,69,63,72,A,1155÷15=77; फिर −11=66।,pending_review,,64ac372d6f442f69
IBPS_RRB_PRELIMS_BULK_4000_MCQ_HINDI(1).txt,2250,IBPS RRB Prelims,Simplification,Simplification,,Moderate,Hindi,सरलीकरण करें: 924÷11−14,सरलीकरण करें: 924÷11−14,,70,73,67,76,A,924÷11=84; फिर −14=70।,pending_review,,04d3bae0fa1eb69f
IBPS_RRB_PRELIMS_BULK_4000_MCQ_HINDI(1).txt,2251,IBPS RRB Prelims,Simplification,Simplification,,Moderate,Hindi,सरलीकरण करें: 93+3×14,सरलीकरण करें: 93+3×14,,135,138,132,141,A,पहले गुणा: 3×14=42; फिर जोड़कर 135।,pending_review,,543e147cd10dc66f
IBPS_RRB_PRELIMS_BULK_4000_MCQ_HINDI(1).txt,2252,IBPS RRB Prelims,Simplification,Simplification,,Moderate,Hindi,सरलीकरण करें: 23+2×10,सरलीकरण करें: 23+2×10,,43,46,40,49,A,पहले गुणा: 2×10=20; फिर जोड़कर 43।,pending_review,,b46b6bc188674da0
IBPS_RRB_PRELIMS_BULK_4000_MCQ_HINDI(1).txt,2253,IBPS RRB Prelims,Simplification,Simplification,,Moderate,Hindi,सरलीकरण करें: 1197÷9+13,सरलीकरण करें: 1197÷9+13,,146,149,143,152,A,1197÷9=133; फिर +13=146।,pending_review,,380ccd687e9a0bee
IBPS_RRB_PRELIMS_BULK_4000_MCQ_HINDI(1).txt,2254,IBPS RRB Prelims,Simplification,Simplification,,Moderate,Hindi,सरलीकरण करें: 1460÷20−17,सरलीकरण करें: 1460÷20−17,,56,59,53,62,A,1460÷20=73; फिर −17=56।,pending_review,,ced3b8fae850c87f
IBPS_RRB_PRELIMS_BULK_4000_MCQ_HINDI(1).txt,2255,IBPS RRB Prelims,Simplification,Simplification,,Moderate,Hindi,सरलीकरण करें: 44+10×3,सरलीकरण करें: 44+10×3,,74,77,71,80,A,पहले गुणा: 10×3=30; फिर जोड़कर 74।,pending_review,,69c4b3f1566d3466
IBPS_RRB_PRELIMS_BULK_4000_MCQ_HINDI(1).txt,2256,IBPS RRB Prelims,Simplification,Simplification,,Moderate,Hindi,सरलीकरण करें: 1824÷19−7,सरलीकरण करें: 1824÷19−7,,89,92,86,95,A,1824÷19=96; फिर −7=89।,pending_review,,87855839319dc353
IBPS_RRB_PRELIMS_BULK_4000_MCQ_HINDI(1).txt,2257,IBPS RRB Prelims,Simplification,Simplification,,Moderate,Hindi,सरलीकरण करें: 1848÷11−3,सरलीकरण करें: 1848÷11−3,,165,168,162,171,A,1848÷11=168; फिर −3=165।,pending_review,,fb1c0e27648048fd
IBPS_RRB_PRELIMS_BULK_4000_MCQ_HINDI(1).txt,2258,IBPS RRB Prelims,Simplification,Simplification,,Moderate,Hindi,सरलीकरण करें: 35+11×18,सरलीकरण करें: 35+11×18,,233,236,230,239,A,पहले गुणा: 11×18=198; फिर जोड़कर 233।,pending_review,,5d176d6786642dd9
IBPS_RRB_PRELIMS_BULK_4000_MCQ_HINDI(1).txt,2259,IBPS RRB Prelims,Simplification,Simplification,,Moderate,Hindi,सरलीकरण करें: 2198÷14−14,सरलीकरण करें: 2198÷14−14,,143,146,140,149,A,2198÷14=157; फिर −14=143।,pending_review,,e0fb52f7af6dfb93
IBPS_RRB_PRELIMS_BULK_4000_MCQ_HINDI(1).txt,2260,IBPS RRB Prelims,Simplification,Simplification,,Moderate,Hindi,सरलीकरण करें: 816÷12−2,सरलीकरण करें: 816÷12−2,,66,69,63,72,A,816÷12=68; फिर −2=66।,pending_review,,d1ad5e6f7470c7d4
IBPS_RRB_PRELIMS_BULK_4000_MCQ_HINDI(1).txt,2261,IBPS RRB Prelims,Simplification,Simplification,,Moderate,Hindi,सरलीकरण करें: 375÷5−7,सरलीकरण करें: 375÷5−7,,68,71,65,74,A,375÷5=75; फिर −7=68।,pending_review,,50ed4e6571b65702
IBPS_RRB_PRELIMS_BULK_4000_MCQ_HINDI(1).txt,2262,IBPS RRB Prelims,Simplification,Simplification,,Moderate,Hindi,सरलीकरण करें: (186+3)×3,सरलीकरण करें: (186+3)×3,,567,570,564,573,A,पहले कोष्ठक: 189; फिर ×3 = 567।,pending_review,,eae0ffa4e31c06ee
IBPS_RRB_PRELIMS_BULK_4000_MCQ_HINDI(1).txt,2263,IBPS RRB Prelims,Simplification,Simplification,,Moderate,Hindi,सरलीकरण करें: 3610÷19−15,सरलीकरण करें: 3610÷19−15,,175,178,172,181,A,3610÷19=190; फिर −15=175।,pending_review,,d28b22ed1d5001e5
IBPS_RRB_PRELIMS_BULK_4000_MCQ_HINDI(1).txt,2264,IBPS RRB Prelims,Simplification,Simplification,,Moderate,Hindi,सरलीकरण करें: (127+11)×15,सरलीकरण करें: (127+11)×15,,2070,2073,2067,2076,A,पहले कोष्ठक: 138; फिर ×15 = 2070।,pending_review,,6c23e9d2e603d119
IBPS_RRB_PRELIMS_BULK_4000_MCQ_HINDI(1).txt,2265,IBPS RRB Prelims,Simplification,Simplification,,Moderate,Hindi,सरलीकरण करें: 460÷10−4,सरलीकरण करें: 460÷10−4,,42,45,39,48,A,460÷10=46; फिर −4=42।,pending_review,,297feb2405461548
IBPS_RRB_PRELIMS_BULK_4000_MCQ_HINDI(1).txt,2266,IBPS RRB Prelims,Simplification,Simplification,,Moderate,Hindi,सरलीकरण करें: (139+14)×10,सरलीकरण करें: (139+14)×10,,1530,1533,1527,1536,A,पहले कोष्ठक: 153; फिर ×10 = 1530।,pending_review,,ae0daf64a8c52a3a
IBPS_RRB_PRELIMS_BULK_4000_MCQ_HINDI(1).txt,2267,IBPS RRB Prelims,Simplification,Simplification,,Moderate,Hindi,सरलीकरण करें: (197+13)×19,सरलीकरण करें: (197+13)×19,,3990,3993,3987,3996,A,पहले कोष्ठक: 210; फिर ×19 = 3990।,pending_review,,0e99198feb08f883
IBPS_RRB_PRELIMS_BULK_4000_MCQ_HINDI(1).txt,2268,IBPS RRB Prelims,Simplification,Simplification,,Moderate,Hindi,सरलीकरण करें: 1331÷11−7,सरलीकरण करें: 1331÷11−7,,114,117,111,120,A,1331÷11=121; फिर −7=114।,pending_review,,a6318b7982671e72
IBPS_RRB_PRELIMS_BULK_4000_MCQ_HINDI(1).txt,2269,IBPS RRB Prelims,Simplification,Simplification,,Moderate,Hindi,सरलीकरण करें: (146+10)×14,सरलीकरण करें: (146+10)×14,,2184,2187,2181,2190,A,पहले कोष्ठक: 156; फिर ×14 = 2184।,pending_review,,a7237803342c1e58
IBPS_RRB_PRELIMS_BULK_4000_MCQ_HINDI(1).txt,2270,IBPS RRB Prelims,Simplification,Simplification,,Moderate,Hindi,सरलीकरण करें: (108+8)×18,सरलीकरण करें: (108+8)×18,,2088,2091,2085,2094,A,पहले कोष्ठक: 116; फिर ×18 = 2088।,pending_review,,16d54b0835d20ade
IBPS_RRB_PRELIMS_BULK_4000_MCQ_HINDI(1).txt,2271,IBPS RRB Prelims,Simplification,Simplification,,Moderate,Hindi,सरलीकरण करें: 339÷3−15,सरलीकरण करें: 339÷3−15,,98,101,95,104,A,339÷3=113; फिर −15=98।,pending_review,,5b4dbeaaf358200a
IBPS_RRB_PRELIMS_BULK_4000_MCQ_HINDI(1).txt,2272,IBPS RRB Prelims,Simplification,Simplification,,Moderate,Hindi,सरलीकरण करें: (83+12)×16,सरलीकरण करें: (83+12)×16,,1520,1523,1517,1526,A,पहले कोष्ठक: 95; फिर ×16 = 1520।,pending_review,,4b70eb2d5ee501db
IBPS_RRB_PRELIMS_BULK_4000_MCQ_HINDI(1).txt,2273,IBPS RRB Prelims,Simplification,Simplification,,Moderate,Hindi,सरलीकरण करें: 3088÷16−6,सरलीकरण करें: 3088÷16−6,,187,190,184,193,A,3088÷16=193; फिर −6=187।,pending_review,,5c6f1122683f1c2f
IBPS_RRB_PRELIMS_BULK_4000_MCQ_HINDI(1).txt,2274,IBPS RRB Prelims,Simplification,Simplification,,Moderate,Hindi,सरलीकरण करें: (141+7)×6,सरलीकरण करें: (141+7)×6,,888,891,885,894,A,पहले कोष्ठक: 148; फिर ×6 = 888।,pending_review,,daced13ae86dbc21
IBPS_RRB_PRELIMS_BULK_4000_MCQ_HINDI(1).txt,2275,IBPS RRB Prelims,Simplification,Simplification,,Moderate,Hindi,सरलीकरण करें: (189+6)×13,सरलीकरण करें: (189+6)×13,,2535,2538,2532,2541,A,पहले कोष्ठक: 195; फिर ×13 = 2535।,pending_review,,41d8b8ba4d25246d
IBPS_RRB_PRELIMS_BULK_4000_MCQ_HINDI(1).txt,2276,IBPS RRB Prelims,Simplification,Simplification,,Moderate,Hindi,सरलीकरण करें: (120+17)×11,सरलीकरण करें: (120+17)×11,,1507,1510,1504,1513,A,पहले कोष्ठक: 137; फिर ×11 = 1507।,pending_review,,d593bcd51f9b7c18
IBPS_RRB_PRELIMS_BULK_4000_MCQ_HINDI(1).txt,2277,IBPS RRB Prelims,Simplification,Simplification,,Moderate,Hindi,सरलीकरण करें: 306÷9−10,सरलीकरण करें: 306÷9−10,,24,27,21,30,A,306÷9=34; फिर −10=24।,pending_review,,3b1495613ae18c08
IBPS_RRB_PRELIMS_BULK_4000_MCQ_HINDI(1).txt,2278,IBPS RRB Prelims,Simplification,Simplification,,Moderate,Hindi,सरलीकरण करें: 1148÷14−5,सरलीकरण करें: 1148÷14−5,,77,80,74,83,A,1148÷14=82; फिर −5=77।,pending_review,,ceedb64a48f6484c
IBPS_RRB_PRELIMS_BULK_4000_MCQ_HINDI(1).txt,2279,IBPS RRB Prelims,Simplification,Simplification,,Moderate,Hindi,सरलीकरण करें: 3382÷19−18,सरलीकरण करें: 3382÷19−18,,160,163,157,166,A,3382÷19=178; फिर −18=160।,pending_review,,dd3e0ae4eed42e61
IBPS_RRB_PRELIMS_BULK_4000_MCQ_HINDI(1).txt,2280,IBPS RRB Prelims,Simplification,Simplification,,Moderate,Hindi,सरलीकरण करें: 2431÷17+18,सरलीकरण करें: 2431÷17+18,,161,164,158,167,A,2431÷17=143; फिर +18=161।,pending_review,,705e112909ee46df
IBPS_RRB_PRELIMS_BULK_4000_MCQ_HINDI(1).txt,2281,IBPS RRB Prelims,Simplification,Simplification,,Moderate,Hindi,सरलीकरण करें: 153+9×10,सरलीकरण करें: 153+9×10,,243,246,240,249,A,पहले गुणा: 9×10=90; फिर जोड़कर 243।,pending_review,,ff70e041b0d8559d
IBPS_RRB_PRELIMS_BULK_4000_MCQ_HINDI(1).txt,2282,IBPS RRB Prelims,Simplification,Simplification,,Moderate,Hindi,सरलीकरण करें: 1120÷8−19,सरलीकरण करें: 1120÷8−19,,121,124,118,127,A,1120÷8=140; फिर −19=121।,pending_review,,56099f2f123200ef
IBPS_RRB_PRELIMS_BULK_4000_MCQ_HINDI(1).txt,2283,IBPS RRB Prelims,Simplification,Simplification,,Moderate,Hindi,सरलीकरण करें: (117+15)×20,सरलीकरण करें: (117+15)×20,,2640,2643,2637,2646,A,पहले कोष्ठक: 132; फिर ×20 = 2640।,pending_review,,1fe5a0bf2afe32ef
IBPS_RRB_PRELIMS_BULK_4000_MCQ_HINDI(1).txt,2284,IBPS RRB Prelims,Simplification,Simplification,,Moderate,Hindi,सरलीकरण करें: (184+11)×13,सरलीकरण करें: (184+11)×13,,2535,2538,2532,2541,A,पहले कोष्ठक: 195; फिर ×13 = 2535।,pending_review,,a391260ceb8a2360
IBPS_RRB_PRELIMS_BULK_4000_MCQ_HINDI(1).txt,2285,IBPS RRB Prelims,Simplification,Simplification,,Moderate,Hindi,सरलीकरण करें: 184+11×7,सरलीकरण करें: 184+11×7,,261,264,258,267,A,पहले गुणा: 11×7=77; फिर जोड़कर 261।,pending_review,,cb86a6d8f2faf5d9
IBPS_RRB_PRELIMS_BULK_4000_MCQ_HINDI(1).txt,2286,IBPS RRB Prelims,Simplification,Simplification,,Moderate,Hindi,सरलीकरण करें: 280÷5−2,सरलीकरण करें: 280÷5−2,,54,57,51,60,A,280÷5=56; फिर −2=54।,pending_review,,cac4831a95b92ee7
IBPS_RRB_PRELIMS_BULK_4000_MCQ_HINDI(1).txt,2287,IBPS RRB Prelims,Simplification,Simplification,,Moderate,Hindi,सरलीकरण करें: 3560÷20+11,सरलीकरण करें: 3560÷20+11,,189,192,186,195,A,3560÷20=178; फिर +11=189।,pending_review,,3f20518cc6f79b0e
IBPS_RRB_PRELIMS_BULK_4000_MCQ_HINDI(1).txt,2288,IBPS RRB Prelims,Simplification,Simplification,,Moderate,Hindi,सरलीकरण करें: (50+3)×16,सरलीकरण करें: (50+3)×16,,848,851,845,854,A,पहले कोष्ठक: 53; फिर ×16 = 848।,pending_review,,4a02f2a0b035e6fb
IBPS_RRB_PRELIMS_BULK_4000_MCQ_HINDI(1).txt,2289,IBPS RRB Prelims,Simplification,Simplification,,Moderate,Hindi,सरलीकरण करें: 3204÷18+9,सरलीकरण करें: 3204÷18+9,,187,190,184,193,A,3204÷18=178; फिर +9=187।,pending_review,,f09aa607be13ab0c
IBPS_RRB_PRELIMS_BULK_4000_MCQ_HINDI(1).txt,2290,IBPS RRB Prelims,Simplification,Simplification,,Moderate,Hindi,सरलीकरण करें: 135+6×17,सरलीकरण करें: 135+6×17,,237,240,234,243,A,पहले गुणा: 6×17=102; फिर जोड़कर 237।,pending_review,,1b11d5a903b139cd
IBPS_RRB_PRELIMS_BULK_4000_MCQ_HINDI(1).txt,2291,IBPS RRB Prelims,Simplification,Simplification,,Moderate,Hindi,सरलीकरण करें: (100+6)×7,सरलीकरण करें: (100+6)×7,,742,745,739,748,A,पहले कोष्ठक: 106; फिर ×7 = 742।,pending_review,,904d5a8fdcc424b9
IBPS_RRB_PRELIMS_BULK_4000_MCQ_HINDI(1).txt,2292,IBPS RRB Prelims,Simplification,Simplification,,Moderate,Hindi,सरलीकरण करें: 1991÷11−9,सरलीकरण करें: 1991÷11−9,,172,175,169,178,A,1991÷11=181; फिर −9=172।,pending_review,,84128fa51b22cd0a
IBPS_RRB_PRELIMS_BULK_4000_MCQ_HINDI(1).txt,2293,IBPS RRB Prelims,Simplification,Simplification,,Moderate,Hindi,सरलीकरण करें: 2020÷20+11,सरलीकरण करें: 2020÷20+11,,112,115,109,118,A,2020÷20=101; फिर +11=112।,pending_review,,c4c185a1c94661b5
IBPS_RRB_PRELIMS_BULK_4000_MCQ_HINDI(1).txt,2294,IBPS RRB Prelims,Simplification,Simplification,,Moderate,Hindi,सरलीकरण करें: 246÷6+17,सरलीकरण करें: 246÷6+17,,58,61,55,64,A,246÷6=41; फिर +17=58।,pending_review,,396da31263dd3157
IBPS_RRB_PRELIMS_BULK_4000_MCQ_HINDI(1).txt,2295,IBPS RRB Prelims,Simplification,Simplification,,Moderate,Hindi,सरलीकरण करें: 2640÷16+14,सरलीकरण करें: 2640÷16+14,,179,182,176,185,A,2640÷16=165; फिर +14=179।,pending_review,,478d605a327bf093
IBPS_RRB_PRELIMS_BULK_4000_MCQ_HINDI(1).txt,2296,IBPS RRB Prelims,Simplification,Simplification,,Moderate,Hindi,सरलीकरण करें: (37+5)×8,सरलीकरण करें: (37+5)×8,,336,339,333,342,A,पहले कोष्ठक: 42; फिर ×8 = 336।,pending_review,,15003644e208bb4e
IBPS_RRB_PRELIMS_BULK_4000_MCQ_HINDI(1).txt,2297,IBPS RRB Prelims,Simplification,Simplification,,Moderate,Hindi,सरलीकरण करें: (110+8)×19,सरलीकरण करें: (110+8)×19,,2242,2245,2239,2248,A,पहले कोष्ठक: 118; फिर ×19 = 2242।,pending_review,,e3b7513103f09bbe
IBPS_RRB_PRELIMS_BULK_4000_MCQ_HINDI(1).txt,2298,IBPS RRB Prelims,Simplification,Simplification,,Moderate,Hindi,सरलीकरण करें: 2900÷20+13,सरलीकरण करें: 2900÷20+13,,158,161,155,164,A,2900÷20=145; फिर +13=158।,pending_review,,a34433f9d2ce09be
IBPS_RRB_PRELIMS_BULK_4000_MCQ_HINDI(1).txt,2299,IBPS RRB Prelims,Simplification,Simplification,,Moderate,Hindi,सरलीकरण करें: 3162÷17+9,सरलीकरण करें: 3162÷17+9,,195,198,192,201,A,3162÷17=186; फिर +9=195।,pending_review,,562a6c493264e733
IBPS_RRB_PRELIMS_BULK_4000_MCQ_HINDI(1).txt,2300,IBPS RRB Prelims,Simplification,Simplification,,Moderate,Hindi,सरलीकरण करें: 1920÷10−18,सरलीकरण करें: 1920÷10−18,,174,177,171,180,A,1920÷10=192; फिर −18=174।,pending_review,,735e2ba08eb91c03
IBPS_RRB_PRELIMS_BULK_4000_MCQ_HINDI(1).txt,2301,IBPS RRB Prelims,Simplification,Simplification,,Moderate,Hindi,सरलीकरण करें: 490÷7−2,सरलीकरण करें: 490÷7−2,,68,71,65,74,A,490÷7=70; फिर −2=68।,pending_review,,0e25732f91d76398
IBPS_RRB_PRELIMS_BULK_4000_MCQ_HINDI(1).txt,2302,IBPS RRB Prelims,Simplification,Simplification,,Moderate,Hindi,सरलीकरण करें: 40+19×10,सरलीकरण करें: 40+19×10,,230,233,227,236,A,पहले गुणा: 19×10=190; फिर जोड़कर 230।,pending_review,,7b24f8f3edea5564
IBPS_RRB_PRELIMS_BULK_4000_MCQ_HINDI(1).txt,2303,IBPS RRB Prelims,Simplification,Simplification,,Moderate,Hindi,सरलीकरण करें: (183+13)×17,सरलीकरण करें: (183+13)×17,,3332,3335,3329,3338,A,पहले कोष्ठक: 196; फिर ×17 = 3332।,pending_review,,d61c41200dfacf16
IBPS_RRB_PRELIMS_BULK_4000_MCQ_HINDI(1).txt,2304,IBPS RRB Prelims,Simplification,Simplification,,Moderate,Hindi,सरलीकरण करें: 86+17×14,सरलीकरण करें: 86+17×14,,324,327,321,330,A,पहले गुणा: 17×14=238; फिर जोड़कर 324।,pending_review,,9e7de0efcad494b1
IBPS_RRB_PRELIMS_BULK_4000_MCQ_HINDI(1).txt,2305,IBPS RRB Prelims,Simplification,Simplification,,Moderate,Hindi,सरलीकरण करें: 1963÷13−8,सरलीकरण करें: 1963÷13−8,,143,146,140,149,A,1963÷13=151; फिर −8=143।,pending_review,,d7f6c04e29646d21
IBPS_RRB_PRELIMS_BULK_4000_MCQ_HINDI(1).txt,2306,IBPS RRB Prelims,Simplification,Simplification,,Moderate,Hindi,सरलीकरण करें: 165÷3−13,सरलीकरण करें: 165÷3−13,,42,45,39,48,A,165÷3=55; फिर −13=42।,pending_review,,3cbbb9f1b8188b5c
IBPS_RRB_PRELIMS_BULK_4000_MCQ_HINDI(1).txt,2307,IBPS RRB Prelims,Simplification,Simplification,,Moderate,Hindi,सरलीकरण करें: 484÷11−11,सरलीकरण करें: 484÷11−11,,33,36,30,39,A,484÷11=44; फिर −11=33।,pending_review,,a567d34e87464dd1
IBPS_RRB_PRELIMS_BULK_4000_MCQ_HINDI(1).txt,2308,IBPS RRB Prelims,Simplification,Simplification,,Moderate,Hindi,सरलीकरण करें: 111+18×12,सरलीकरण करें: 111+18×12,,327,330,324,333,A,पहले गुणा: 18×12=216; फिर जोड़कर 327।,pending_review,,56944738f4900cd1
IBPS_RRB_PRELIMS_BULK_4000_MCQ_HINDI(1).txt,2309,IBPS RRB Prelims,Simplification,Simplification,,Moderate,Hindi,सरलीकरण करें: (111+14)×7,सरलीकरण करें: (111+14)×7,,875,878,872,881,A,पहले कोष्ठक: 125; फिर ×7 = 875।,pending_review,,810eab4b0db96932
IBPS_RRB_PRELIMS_BULK_4000_MCQ_HINDI(1).txt,2310,IBPS RRB Prelims,Simplification,Simplification,,Moderate,Hindi,सरलीकरण करें: 448÷8−17,सरलीकरण करें: 448÷8−17,,39,42,36,45,A,448÷8=56; फिर −17=39।,pending_review,,eca90f0010e70211
IBPS_RRB_PRELIMS_BULK_4000_MCQ_HINDI(1).txt,2311,IBPS RRB Prelims,Simplification,Simplification,,Moderate,Hindi,सरलीकरण करें: 1404÷9+19,सरलीकरण करें: 1404÷9+19,,175,178,172,181,A,1404÷9=156; फिर +19=175।,pending_review,,a3a58b4d01bdfee3
IBPS_RRB_PRELIMS_BULK_4000_MCQ_HINDI(1).txt,2312,IBPS RRB Prelims,Simplification,Simplification,,Moderate,Hindi,सरलीकरण करें: 167+6×2,सरलीकरण करें: 167+6×2,,179,182,176,185,A,पहले गुणा: 6×2=12; फिर जोड़कर 179।,pending_review,,02ccf1797c4b3dbe
IBPS_RRB_PRELIMS_BULK_4000_MCQ_HINDI(1).txt,2313,IBPS RRB Prelims,Simplification,Simplification,,Moderate,Hindi,सरलीकरण करें: 1200÷20+16,सरलीकरण करें: 1200÷20+16,,76,79,73,82,A,1200÷20=60; फिर +16=76।,pending_review,,f8b387ba73da0e9a
IBPS_RRB_PRELIMS_BULK_4000_MCQ_HINDI(1).txt,2314,IBPS RRB Prelims,Simplification,Simplification,,Moderate,Hindi,सरलीकरण करें: 501÷3−15,सरलीकरण करें: 501÷3−15,,152,155,149,158,A,501÷3=167; फिर −15=152।,pending_review,,a68194a799cfcf18
IBPS_RRB_PRELIMS_BULK_4000_MCQ_HINDI(1).txt,2315,IBPS RRB Prelims,Simplification,Simplification,,Moderate,Hindi,सरलीकरण करें: 1232÷8−2,सरलीकरण करें: 1232÷8−2,,152,155,149,158,A,1232÷8=154; फिर −2=152।,pending_review,,07a2cb635cae6f1f
IBPS_RRB_PRELIMS_BULK_4000_MCQ_HINDI(1).txt,2316,IBPS RRB Prelims,Simplification,Simplification,,Moderate,Hindi,सरलीकरण करें: 220÷5+4,सरलीकरण करें: 220÷5+4,,48,51,45,54,A,220÷5=44; फिर +4=48।,pending_review,,dfcb60e8f6ca92f4
IBPS_RRB_PRELIMS_BULK_4000_MCQ_HINDI(1).txt,2317,IBPS RRB Prelims,Simplification,Simplification,,Moderate,Hindi,सरलीकरण करें: 2610÷15+17,सरलीकरण करें: 2610÷15+17,,191,194,188,197,A,2610÷15=174; फिर +17=191।,pending_review,,98b8d93fed4fef54
IBPS_RRB_PRELIMS_BULK_4000_MCQ_HINDI(1).txt,2318,IBPS RRB Prelims,Simplification,Simplification,,Moderate,Hindi,सरलीकरण करें: (133+20)×11,सरलीकरण करें: (133+20)×11,,1683,1686,1680,1689,A,पहले कोष्ठक: 153; फिर ×11 = 1683।,pending_review,,bbf90d8df23855dc
IBPS_RRB_PRELIMS_BULK_4000_MCQ_HINDI(1).txt,2319,IBPS RRB Prelims,Simplification,Simplification,,Moderate,Hindi,सरलीकरण करें: 987÷7+19,सरलीकरण करें: 987÷7+19,,160,163,157,166,A,987÷7=141; फिर +19=160।,pending_review,,1e74373f72de066f
IBPS_RRB_PRELIMS_BULK_4000_MCQ_HINDI(1).txt,2320,IBPS RRB Prelims,Simplification,Simplification,,Moderate,Hindi,सरलीकरण करें: 2145÷15+4,सरलीकरण करें: 2145÷15+4,,147,150,144,153,A,2145÷15=143; फिर +4=147।,pending_review,,c96272b1d96839a6
IBPS_RRB_PRELIMS_BULK_4000_MCQ_HINDI(1).txt,2321,IBPS RRB Prelims,Simplification,Simplification,,Moderate,Hindi,सरलीकरण करें: 91+15×9,सरलीकरण करें: 91+15×9,,226,229,223,232,A,पहले गुणा: 15×9=135; फिर जोड़कर 226।,pending_review,,51b735872d130704
IBPS_RRB_PRELIMS_BULK_4000_MCQ_HINDI(1).txt,2322,IBPS RRB Prelims,Simplification,Simplification,,Moderate,Hindi,सरलीकरण करें: (74+16)×18,सरलीकरण करें: (74+16)×18,,1620,1623,1617,1626,A,पहले कोष्ठक: 90; फिर ×18 = 1620।,pending_review,,3992c1418a1c37e6
IBPS_RRB_PRELIMS_BULK_4000_MCQ_HINDI(1).txt,2323,IBPS RRB Prelims,Simplification,Simplification,,Moderate,Hindi,सरलीकरण करें: (106+10)×15,सरलीकरण करें: (106+10)×15,,1740,1743,1737,1746,A,पहले कोष्ठक: 116; फिर ×15 = 1740।,pending_review,,e4bf4a13b104265f
IBPS_RRB_PRELIMS_BULK_4000_MCQ_HINDI(1).txt,2324,IBPS RRB Prelims,Simplification,Simplification,,Moderate,Hindi,सरलीकरण करें: (39+13)×3,सरलीकरण करें: (39+13)×3,,156,159,153,162,A,पहले कोष्ठक: 52; फिर ×3 = 156।,pending_review,,7f6f16d36a7474a3
IBPS_RRB_PRELIMS_BULK_4000_MCQ_HINDI(1).txt,2325,IBPS RRB Prelims,Simplification,Simplification,,Moderate,Hindi,सरलीकरण करें: 1274÷7−17,सरलीकरण करें: 1274÷7−17,,165,168,162,171,A,1274÷7=182; फिर −17=165।,pending_review,,c426b832270134c0
IBPS_RRB_PRELIMS_BULK_4000_MCQ_HINDI(1).txt,2326,IBPS RRB Prelims,Simplification,Simplification,,Moderate,Hindi,सरलीकरण करें: 1288÷7+5,सरलीकरण करें: 1288÷7+5,,189,192,186,195,A,1288÷7=184; फिर +5=189।,pending_review,,d56bbe952f40e437
IBPS_RRB_PRELIMS_BULK_4000_MCQ_HINDI(1).txt,2327,IBPS RRB Prelims,Simplification,Simplification,,Moderate,Hindi,सरलीकरण करें: 131+17×2,सरलीकरण करें: 131+17×2,,165,168,162,171,A,पहले गुणा: 17×2=34; फिर जोड़कर 165।,pending_review,,43bb893523a23d5c
IBPS_RRB_PRELIMS_BULK_4000_MCQ_HINDI(1).txt,2328,IBPS RRB Prelims,Simplification,Simplification,,Moderate,Hindi,सरलीकरण करें: 708÷12+20,सरलीकरण करें: 708÷12+20,,79,82,76,85,A,708÷12=59; फिर +20=79।,pending_review,,dd47e393840503cf
IBPS_RRB_PRELIMS_BULK_4000_MCQ_HINDI(1).txt,2329,IBPS RRB Prelims,Simplification,Simplification,,Moderate,Hindi,सरलीकरण करें: 2310÷15+5,सरलीकरण करें: 2310÷15+5,,159,162,156,165,A,2310÷15=154; फिर +5=159।,pending_review,,a5f8412d7d4eefe8
IBPS_RRB_PRELIMS_BULK_4000_MCQ_HINDI(1).txt,2330,IBPS RRB Prelims,Simplification,Simplification,,Moderate,Hindi,सरलीकरण करें: 163+20×10,सरलीकरण करें: 163+20×10,,363,366,360,369,A,पहले गुणा: 20×10=200; फिर जोड़कर 363।,pending_review,,5097930a1cde9ca7
IBPS_RRB_PRELIMS_BULK_4000_MCQ_HINDI(1).txt,2331,IBPS RRB Prelims,Simplification,Simplification,,Moderate,Hindi,सरलीकरण करें: 165+2×20,सरलीकरण करें: 165+2×20,,205,208,202,211,A,पहले गुणा: 2×20=40; फिर जोड़कर 205।,pending_review,,903f8123307471b8
IBPS_RRB_PRELIMS_BULK_4000_MCQ_HINDI(1).txt,2332,IBPS RRB Prelims,Simplification,Simplification,,Moderate,Hindi,सरलीकरण करें: (39+13)×13,सरलीकरण करें: (39+13)×13,,676,679,673,682,A,पहले कोष्ठक: 52; फिर ×13 = 676।,pending_review,,3094323f36223cc5
IBPS_RRB_PRELIMS_BULK_4000_MCQ_HINDI(1).txt,2333,IBPS RRB Prelims,Simplification,Simplification,,Moderate,Hindi,सरलीकरण करें: 1288÷8−7,सरलीकरण करें: 1288÷8−7,,154,157,151,160,A,1288÷8=161; फिर −7=154।,pending_review,,03f8a3eb8b49bf66
IBPS_RRB_PRELIMS_BULK_4000_MCQ_HINDI(1).txt,2334,IBPS RRB Prelims,Simplification,Simplification,,Moderate,Hindi,सरलीकरण करें: (25+10)×14,सरलीकरण करें: (25+10)×14,,490,493,487,496,A,पहले कोष्ठक: 35; फिर ×14 = 490।,pending_review,,532ccaaff2fd9770
IBPS_RRB_PRELIMS_BULK_4000_MCQ_HINDI(1).txt,2335,IBPS RRB Prelims,Simplification,Simplification,,Moderate,Hindi,सरलीकरण करें: 2800÷16+8,सरलीकरण करें: 2800÷16+8,,183,186,180,189,A,2800÷16=175; फिर +8=183।,pending_review,,8b82731c15c97351
IBPS_RRB_PRELIMS_BULK_4000_MCQ_HINDI(1).txt,2336,IBPS RRB Prelims,Simplification,Simplification,,Moderate,Hindi,सरलीकरण करें: (189+18)×9,सरलीकरण करें: (189+18)×9,,1863,1866,1860,1869,A,पहले कोष्ठक: 207; फिर ×9 = 1863।,pending_review,,e8716b03e269b249
IBPS_RRB_PRELIMS_BULK_4000_MCQ_HINDI(1).txt,2337,IBPS RRB Prelims,Simplification,Simplification,,Moderate,Hindi,सरलीकरण करें: 676÷4−17,सरलीकरण करें: 676÷4−17,,152,155,149,158,A,676÷4=169; फिर −17=152।,pending_review,,226560b1cc7cc9d2
IBPS_RRB_PRELIMS_BULK_4000_MCQ_HINDI(1).txt,2338,IBPS RRB Prelims,Simplification,Simplification,,Moderate,Hindi,सरलीकरण करें: 60÷2+9,सरलीकरण करें: 60÷2+9,,39,42,36,45,A,60÷2=30; फिर +9=39।,pending_review,,21351769c3abadae
IBPS_RRB_PRELIMS_BULK_4000_MCQ_HINDI(1).txt,2339,IBPS RRB Prelims,Simplification,Simplification,,Moderate,Hindi,सरलीकरण करें: 56+12×10,सरलीकरण करें: 56+12×10,,176,179,173,182,A,पहले गुणा: 12×10=120; फिर जोड़कर 176।,pending_review,,23edb49c37a03a26
IBPS_RRB_PRELIMS_BULK_4000_MCQ_HINDI(1).txt,2340,IBPS RRB Prelims,Simplification,Simplification,,Moderate,Hindi,सरलीकरण करें: (90+6)×20,सरलीकरण करें: (90+6)×20,,1920,1923,1917,1926,A,पहले कोष्ठक: 96; फिर ×20 = 1920।,pending_review,,5503ceeca1e280cd
IBPS_RRB_PRELIMS_BULK_4000_MCQ_HINDI(1).txt,2341,IBPS RRB Prelims,Simplification,Simplification,,Moderate,Hindi,सरलीकरण करें: 320÷8−20,सरलीकरण करें: 320÷8−20,,20,23,17,26,A,320÷8=40; फिर −20=20।,pending_review,,0e26748d780af241
IBPS_RRB_PRELIMS_BULK_4000_MCQ_HINDI(1).txt,2342,IBPS RRB Prelims,Simplification,Simplification,,Moderate,Hindi,सरलीकरण करें: 445÷5+16,सरलीकरण करें: 445÷5+16,,105,108,102,111,A,445÷5=89; फिर +16=105।,pending_review,,bd0921abb0aaf26c
IBPS_RRB_PRELIMS_BULK_4000_MCQ_HINDI(1).txt,2343,IBPS RRB Prelims,Simplification,Simplification,,Moderate,Hindi,सरलीकरण करें: (21+2)×12,सरलीकरण करें: (21+2)×12,,276,279,273,282,A,पहले कोष्ठक: 23; फिर ×12 = 276।,pending_review,,943e484ada397a00
IBPS_RRB_PRELIMS_BULK_4000_MCQ_HINDI(1).txt,2344,IBPS RRB Prelims,Simplification,Simplification,,Moderate,Hindi,सरलीकरण करें: 85+13×18,सरलीकरण करें: 85+13×18,,319,322,316,325,A,पहले गुणा: 13×18=234; फिर जोड़कर 319।,pending_review,,af6de795731f9a4b
IBPS_RRB_PRELIMS_BULK_4000_MCQ_HINDI(1).txt,2345,IBPS RRB Prelims,Simplification,Simplification,,Moderate,Hindi,सरलीकरण करें: 3900÷20−16,सरलीकरण करें: 3900÷20−16,,179,182,176,185,A,3900÷20=195; फिर −16=179।,pending_review,,bdf5cfff3a0a2bf9
IBPS_RRB_PRELIMS_BULK_4000_MCQ_HINDI(1).txt,2346,IBPS RRB Prelims,Simplification,Simplification,,Moderate,Hindi,सरलीकरण करें: 3088÷16−13,सरलीकरण करें: 3088÷16−13,,180,183,177,186,A,3088÷16=193; फिर −13=180।,pending_review,,08b850b569879a49
IBPS_RRB_PRELIMS_BULK_4000_MCQ_HINDI(1).txt,2347,IBPS RRB Prelims,Simplification,Simplification,,Moderate,Hindi,सरलीकरण करें: 1248÷13+20,सरलीकरण करें: 1248÷13+20,,116,119,113,122,A,1248÷13=96; फिर +20=116।,pending_review,,38c02f7182a59458
IBPS_RRB_PRELIMS_BULK_4000_MCQ_HINDI(1).txt,2348,IBPS RRB Prelims,Simplification,Simplification,,Moderate,Hindi,सरलीकरण करें: 344÷8+18,सरलीकरण करें: 344÷8+18,,61,64,58,67,A,344÷8=43; फिर +18=61।,pending_review,,b9d33fcb49f0fd5a
IBPS_RRB_PRELIMS_BULK_4000_MCQ_HINDI(1).txt,2349,IBPS RRB Prelims,Simplification,Simplification,,Moderate,Hindi,सरलीकरण करें: 1577÷19−16,सरलीकरण करें: 1577÷19−16,,67,70,64,73,A,1577÷19=83; फिर −16=67।,pending_review,,81dcbdf9b6e85424
IBPS_RRB_PRELIMS_BULK_4000_MCQ_HINDI(1).txt,2350,IBPS RRB Prelims,Simplification,Simplification,,Moderate,Hindi,सरलीकरण करें: 119+2×5,सरलीकरण करें: 119+2×5,,129,132,126,135,A,पहले गुणा: 2×5=10; फिर जोड़कर 129।,pending_review,,546f7bd7c4795e88
IBPS_RRB_PRELIMS_BULK_4000_MCQ_HINDI(1).txt,2351,IBPS RRB Prelims,Simplification,Simplification,,Moderate,Hindi,सरलीकरण करें: 889÷7−4,सरलीकरण करें: 889÷7−4,,123,126,120,129,A,889÷7=127; फिर −4=123।,pending_review,,fdeba21f174691b6
IBPS_RRB_PRELIMS_BULK_4000_MCQ_HINDI(1).txt,2352,IBPS RRB Prelims,Simplification,Simplification,,Moderate,Hindi,सरलीकरण करें: 165+5×3,सरलीकरण करें: 165+5×3,,180,183,177,186,A,पहले गुणा: 5×3=15; फिर जोड़कर 180।,pending_review,,f3a955e279aeedd4
IBPS_RRB_PRELIMS_BULK_4000_MCQ_HINDI(1).txt,2353,IBPS RRB Prelims,Simplification,Simplification,,Moderate,Hindi,सरलीकरण करें: 987÷7+20,सरलीकरण करें: 987÷7+20,,161,164,158,167,A,987÷7=141; फिर +20=161।,pending_review,,1b55996523b5b51f
IBPS_RRB_PRELIMS_BULK_4000_MCQ_HINDI(1).txt,2354,IBPS RRB Prelims,Simplification,Simplification,,Moderate,Hindi,सरलीकरण करें: 69+8×18,सरलीकरण करें: 69+8×18,,213,216,210,219,A,पहले गुणा: 8×18=144; फिर जोड़कर 213।,pending_review,,0f919ad4fce77e93
IBPS_RRB_PRELIMS_BULK_4000_MCQ_HINDI(1).txt,2355,IBPS RRB Prelims,Simplification,Simplification,,Moderate,Hindi,सरलीकरण करें: 2198÷14+10,सरलीकरण करें: 2198÷14+10,,167,170,164,173,A,2198÷14=157; फिर +10=167।,pending_review,,c6422816cff10135
IBPS_RRB_PRELIMS_BULK_4000_MCQ_HINDI(1).txt,2356,IBPS RRB Prelims,Simplification,Simplification,,Moderate,Hindi,सरलीकरण करें: 3580÷20+17,सरलीकरण करें: 3580÷20+17,,196,199,193,202,A,3580÷20=179; फिर +17=196।,pending_review,,9737fd68b6aea09a
IBPS_RRB_PRELIMS_BULK_4000_MCQ_HINDI(1).txt,2357,IBPS RRB Prelims,Simplification,Simplification,,Moderate,Hindi,सरलीकरण करें: (72+6)×18,सरलीकरण करें: (72+6)×18,,1404,1407,1401,1410,A,पहले कोष्ठक: 78; फिर ×18 = 1404।,pending_review,,5698f0042474f0df
IBPS_RRB_PRELIMS_BULK_4000_MCQ_HINDI(1).txt,2358,IBPS RRB Prelims,Simplification,Simplification,,Moderate,Hindi,सरलीकरण करें: 3560÷20+5,सरलीकरण करें: 3560÷20+5,,183,186,180,189,A,3560÷20=178; फिर +5=183।,pending_review,,f5901d521472bca4
IBPS_RRB_PRELIMS_BULK_4000_MCQ_HINDI(1).txt,2359,IBPS RRB Prelims,Simplification,Simplification,,Moderate,Hindi,सरलीकरण करें: 1876÷14−18,सरलीकरण करें: 1876÷14−18,,116,119,113,122,A,1876÷14=134; फिर −18=116।,pending_review,,aaae75721a82783c
IBPS_RRB_PRELIMS_BULK_4000_MCQ_HINDI(1).txt,2360,IBPS RRB Prelims,Simplification,Simplification,,Moderate,Hindi,सरलीकरण करें: 1136÷8−16,सरलीकरण करें: 1136÷8−16,,126,129,123,132,A,1136÷8=142; फिर −16=126।,pending_review,,1a374c98e9eaa768
IBPS_RRB_PRELIMS_BULK_4000_MCQ_HINDI(1).txt,2361,IBPS RRB Prelims,Simplification,Simplification,,Moderate,Hindi,सरलीकरण करें: 1106÷14−11,सरलीकरण करें: 1106÷14−11,,68,71,65,74,A,1106÷14=79; फिर −11=68।,pending_review,,6b14dccac4d35a78
IBPS_RRB_PRELIMS_BULK_4000_MCQ_HINDI(1).txt,2362,IBPS RRB Prelims,Simplification,Simplification,,Moderate,Hindi,सरलीकरण करें: 846÷9+7,सरलीकरण करें: 846÷9+7,,101,104,98,107,A,846÷9=94; फिर +7=101।,pending_review,,20d62af4d6a0966a
IBPS_RRB_PRELIMS_BULK_4000_MCQ_HINDI(1).txt,2363,IBPS RRB Prelims,Simplification,Simplification,,Moderate,Hindi,सरलीकरण करें: (108+15)×12,सरलीकरण करें: (108+15)×12,,1476,1479,1473,1482,A,पहले कोष्ठक: 123; फिर ×12 = 1476।,pending_review,,6cfcc6ef556eb7f6
IBPS_RRB_PRELIMS_BULK_4000_MCQ_HINDI(1).txt,2364,IBPS RRB Prelims,Simplification,Simplification,,Moderate,Hindi,सरलीकरण करें: (42+19)×12,सरलीकरण करें: (42+19)×12,,732,735,729,738,A,पहले कोष्ठक: 61; फिर ×12 = 732।,pending_review,,56b1df65bc62d64d
IBPS_RRB_PRELIMS_BULK_4000_MCQ_HINDI(1).txt,2365,IBPS RRB Prelims,Simplification,Simplification,,Moderate,Hindi,सरलीकरण करें: 420÷10+4,सरलीकरण करें: 420÷10+4,,46,49,43,52,A,420÷10=42; फिर +4=46।,pending_review,,891ef222955cea5e
IBPS_RRB_PRELIMS_BULK_4000_MCQ_HINDI(1).txt,2366,IBPS RRB Prelims,Simplification,Simplification,,Moderate,Hindi,सरलीकरण करें: 1833÷13+4,सरलीकरण करें: 1833÷13+4,,145,148,142,151,A,1833÷13=141; फिर +4=145।,pending_review,,3826fbc43e577242
IBPS_RRB_PRELIMS_BULK_4000_MCQ_HINDI(1).txt,2367,IBPS RRB Prelims,Simplification,Simplification,,Moderate,Hindi,सरलीकरण करें: 3420÷20+4,सरलीकरण करें: 3420÷20+4,,175,178,172,181,A,3420÷20=171; फिर +4=175।,pending_review,,19a8bb732d24a50c
IBPS_RRB_PRELIMS_BULK_4000_MCQ_HINDI(1).txt,2368,IBPS RRB Prelims,Simplification,Simplification,,Moderate,Hindi,सरलीकरण करें: 137+18×8,सरलीकरण करें: 137+18×8,,281,284,278,287,A,पहले गुणा: 18×8=144; फिर जोड़कर 281।,pending_review,,3c44fba1f71b7efb
IBPS_RRB_PRELIMS_BULK_4000_MCQ_HINDI(1).txt,2369,IBPS RRB Prelims,Simplification,Simplification,,Moderate,Hindi,सरलीकरण करें: 80+10×14,सरलीकरण करें: 80+10×14,,220,223,217,226,A,पहले गुणा: 10×14=140; फिर जोड़कर 220।,pending_review,,11cdec9dda738a44
IBPS_RRB_PRELIMS_BULK_4000_MCQ_HINDI(1).txt,2370,IBPS RRB Prelims,Simplification,Simplification,,Moderate,Hindi,सरलीकरण करें: 200+3×12,सरलीकरण करें: 200+3×12,,236,239,233,242,A,पहले गुणा: 3×12=36; फिर जोड़कर 236।,pending_review,,0ec6f8d01e892103
IBPS_RRB_PRELIMS_BULK_4000_MCQ_HINDI(1).txt,2371,IBPS RRB Prelims,Simplification,Simplification,,Moderate,Hindi,सरलीकरण करें: 720÷20−16,सरलीकरण करें: 720÷20−16,,20,23,17,26,A,720÷20=36; फिर −16=20।,pending_review,,f540d9d83e865009
IBPS_RRB_PRELIMS_BULK_4000_MCQ_HINDI(1).txt,2372,IBPS RRB Prelims,Simplification,Simplification,,Moderate,Hindi,सरलीकरण करें: 158÷2−7,सरलीकरण करें: 158÷2−7,,72,75,69,78,A,158÷2=79; फिर −7=72।,pending_review,,b1a5eb861132367b
IBPS_RRB_PRELIMS_BULK_4000_MCQ_HINDI(1).txt,2373,IBPS RRB Prelims,Simplification,Simplification,,Moderate,Hindi,सरलीकरण करें: 2070÷15+4,सरलीकरण करें: 2070÷15+4,,142,145,139,148,A,2070÷15=138; फिर +4=142।,pending_review,,de63b16dbe8872ad
IBPS_RRB_PRELIMS_BULK_4000_MCQ_HINDI(1).txt,2374,IBPS RRB Prelims,Simplification,Simplification,,Moderate,Hindi,सरलीकरण करें: 3040÷16+13,सरलीकरण करें: 3040÷16+13,,203,206,200,209,A,3040÷16=190; फिर +13=203।,pending_review,,f048196c8d26c0f3
IBPS_RRB_PRELIMS_BULK_4000_MCQ_HINDI(1).txt,2375,IBPS RRB Prelims,Simplification,Simplification,,Moderate,Hindi,सरलीकरण करें: 55+11×9,सरलीकरण करें: 55+11×9,,154,157,151,160,A,पहले गुणा: 11×9=99; फिर जोड़कर 154।,pending_review,,f9c8af3ce670e22e
IBPS_RRB_PRELIMS_BULK_4000_MCQ_HINDI(1).txt,2376,IBPS RRB Prelims,Simplification,Simplification,,Moderate,Hindi,सरलीकरण करें: (113+2)×20,सरलीकरण करें: (113+2)×20,,2300,2303,2297,2306,A,पहले कोष्ठक: 115; फिर ×20 = 2300।,pending_review,,d5d0ae4c3788e854
IBPS_RRB_PRELIMS_BULK_4000_MCQ_HINDI(1).txt,2377,IBPS RRB Prelims,Simplification,Simplification,,Moderate,Hindi,सरलीकरण करें: 173+3×11,सरलीकरण करें: 173+3×11,,206,209,203,212,A,पहले गुणा: 3×11=33; फिर जोड़कर 206।,pending_review,,e698f053d79dd8d8
IBPS_RRB_PRELIMS_BULK_4000_MCQ_HINDI(1).txt,2378,IBPS RRB Prelims,Simplification,Simplification,,Moderate,Hindi,सरलीकरण करें: 905÷5+19,सरलीकरण करें: 905÷5+19,,200,203,197,206,A,905÷5=181; फिर +19=200।,pending_review,,e3b07a6f2d889e6e
IBPS_RRB_PRELIMS_BULK_4000_MCQ_HINDI(1).txt,2379,IBPS RRB Prelims,Simplification,Simplification,,Moderate,Hindi,सरलीकरण करें: (97+12)×9,सरलीकरण करें: (97+12)×9,,981,984,978,987,A,पहले कोष्ठक: 109; फिर ×9 = 981।,pending_review,,61665d87e4ebc37e
IBPS_RRB_PRELIMS_BULK_4000_MCQ_HINDI(1).txt,2380,IBPS RRB Prelims,Simplification,Simplification,,Moderate,Hindi,सरलीकरण करें: 54+14×20,सरलीकरण करें: 54+14×20,,334,337,331,340,A,पहले गुणा: 14×20=280; फिर जोड़कर 334।,pending_review,,036bedf1cc9ab9a9
IBPS_RRB_PRELIMS_BULK_4000_MCQ_HINDI(1).txt,2381,IBPS RRB Prelims,Simplification,Simplification,,Moderate,Hindi,सरलीकरण करें: (105+17)×18,सरलीकरण करें: (105+17)×18,,2196,2199,2193,2202,A,पहले कोष्ठक: 122; फिर ×18 = 2196।,pending_review,,8e3d28e68dcd9824
IBPS_RRB_PRELIMS_BULK_4000_MCQ_HINDI(1).txt,2382,IBPS RRB Prelims,Simplification,Simplification,,Moderate,Hindi,सरलीकरण करें: 1440÷10−3,सरलीकरण करें: 1440÷10−3,,141,144,138,147,A,1440÷10=144; फिर −3=141।,pending_review,,ce4fb49b3c4daec5
IBPS_RRB_PRELIMS_BULK_4000_MCQ_HINDI(1).txt,2383,IBPS RRB Prelims,Simplification,Simplification,,Moderate,Hindi,सरलीकरण करें: 480÷10+10,सरलीकरण करें: 480÷10+10,,58,61,55,64,A,480÷10=48; फिर +10=58।,pending_review,,45f2cc988e6fe4e3
IBPS_RRB_PRELIMS_BULK_4000_MCQ_HINDI(1).txt,2384,IBPS RRB Prelims,Simplification,Simplification,,Moderate,Hindi,सरलीकरण करें: 649÷11+17,सरलीकरण करें: 649÷11+17,,76,79,73,82,A,649÷11=59; फिर +17=76।,pending_review,,a4c32ce443fa9ff9
IBPS_RRB_PRELIMS_BULK_4000_MCQ_HINDI(1).txt,2385,IBPS RRB Prelims,Simplification,Simplification,,Moderate,Hindi,सरलीकरण करें: (148+13)×13,सरलीकरण करें: (148+13)×13,,2093,2096,2090,2099,A,पहले कोष्ठक: 161; फिर ×13 = 2093।,pending_review,,4c8d3e0d3eedcc34
IBPS_RRB_PRELIMS_BULK_4000_MCQ_HINDI(1).txt,2386,IBPS RRB Prelims,Simplification,Simplification,,Moderate,Hindi,सरलीकरण करें: 1240÷10+20,सरलीकरण करें: 1240÷10+20,,144,147,141,150,A,1240÷10=124; फिर +20=144।,pending_review,,91a97653058c19e4
IBPS_RRB_PRELIMS_BULK_4000_MCQ_HINDI(1).txt,2387,IBPS RRB Prelims,Simplification,Simplification,,Moderate,Hindi,सरलीकरण करें: (176+3)×12,सरलीकरण करें: (176+3)×12,,2148,2151,2145,2154,A,पहले कोष्ठक: 179; फिर ×12 = 2148।,pending_review,,858b85359176ed59
IBPS_RRB_PRELIMS_BULK_4000_MCQ_HINDI(1).txt,2388,IBPS RRB Prelims,Simplification,Simplification,,Moderate,Hindi,सरलीकरण करें: 436÷4+4,सरलीकरण करें: 436÷4+4,,113,116,110,119,A,436÷4=109; फिर +4=113।,pending_review,,2fb7afdef901ffb9
IBPS_RRB_PRELIMS_BULK_4000_MCQ_HINDI(1).txt,2389,IBPS RRB Prelims,Simplification,Simplification,,Moderate,Hindi,सरलीकरण करें: 108+5×15,सरलीकरण करें: 108+5×15,,183,186,180,189,A,पहले गुणा: 5×15=75; फिर जोड़कर 183।,pending_review,,5944323bbb0f0c13
IBPS_RRB_PRELIMS_BULK_4000_MCQ_HINDI(1).txt,2390,IBPS RRB Prelims,Simplification,Simplification,,Moderate,Hindi,सरलीकरण करें: 254÷2+3,सरलीकरण करें: 254÷2+3,,130,133,127,136,A,254÷2=127; फिर +3=130।,pending_review,,471bf784936850a5
IBPS_RRB_PRELIMS_BULK_4000_MCQ_HINDI(1).txt,2391,IBPS RRB Prelims,Simplification,Simplification,,Moderate,Hindi,सरलीकरण करें: 711÷9−5,सरलीकरण करें: 711÷9−5,,74,77,71,80,A,711÷9=79; फिर −5=74।,pending_review,,7f22332b2cc0369d
IBPS_RRB_PRELIMS_BULK_4000_MCQ_HINDI(1).txt,2392,IBPS RRB Prelims,Simplification,Simplification,,Moderate,Hindi,सरलीकरण करें: 1898÷13+10,सरलीकरण करें: 1898÷13+10,,156,159,153,162,A,1898÷13=146; फिर +10=156।,pending_review,,82694e3e91807c5d
IBPS_RRB_PRELIMS_BULK_4000_MCQ_HINDI(1).txt,2393,IBPS RRB Prelims,Simplification,Simplification,,Moderate,Hindi,सरलीकरण करें: 1044÷9−17,सरलीकरण करें: 1044÷9−17,,99,102,96,105,A,1044÷9=116; फिर −17=99।,pending_review,,eb7e24f7f72707c7
IBPS_RRB_PRELIMS_BULK_4000_MCQ_HINDI(1).txt,2394,IBPS RRB Prelims,Simplification,Simplification,,Moderate,Hindi,सरलीकरण करें: 117+10×6,सरलीकरण करें: 117+10×6,,177,180,174,183,A,पहले गुणा: 10×6=60; फिर जोड़कर 177।,pending_review,,7cb5172e1bdfbb6f
IBPS_RRB_PRELIMS_BULK_4000_MCQ_HINDI(1).txt,2395,IBPS RRB Prelims,Simplification,Simplification,,Moderate,Hindi,सरलीकरण करें: 101+16×18,सरलीकरण करें: 101+16×18,,389,392,386,395,A,पहले गुणा: 16×18=288; फिर जोड़कर 389।,pending_review,,631db9dbeb51d756
IBPS_RRB_PRELIMS_BULK_4000_MCQ_HINDI(1).txt,2396,IBPS RRB Prelims,Simplification,Simplification,,Moderate,Hindi,सरलीकरण करें: (128+3)×4,सरलीकरण करें: (128+3)×4,,524,527,521,530,A,पहले कोष्ठक: 131; फिर ×4 = 524।,pending_review,,f9494d2d9a1ea079
IBPS_RRB_PRELIMS_BULK_4000_MCQ_HINDI(1).txt,2397,IBPS RRB Prelims,Simplification,Simplification,,Moderate,Hindi,सरलीकरण करें: 855÷9−8,सरलीकरण करें: 855÷9−8,,87,90,84,93,A,855÷9=95; फिर −8=87।,pending_review,,60a9be7de8356c6b
IBPS_RRB_PRELIMS_BULK_4000_MCQ_HINDI(1).txt,2398,IBPS RRB Prelims,Simplification,Simplification,,Moderate,Hindi,सरलीकरण करें: 2076÷12+17,सरलीकरण करें: 2076÷12+17,,190,193,187,196,A,2076÷12=173; फिर +17=190।,pending_review,,b90bd0b284fb7219
IBPS_RRB_PRELIMS_BULK_4000_MCQ_HINDI(1).txt,2399,IBPS RRB Prelims,Simplification,Simplification,,Moderate,Hindi,सरलीकरण करें: 1752÷12−9,सरलीकरण करें: 1752÷12−9,,137,140,134,143,A,1752÷12=146; फिर −9=137।,pending_review,,3c754924dac2ac40
IBPS_RRB_PRELIMS_BULK_4000_MCQ_HINDI(1).txt,2400,IBPS RRB Prelims,Simplification,Simplification,,Moderate,Hindi,सरलीकरण करें: 197+12×2,सरलीकरण करें: 197+12×2,,221,224,218,227,A,पहले गुणा: 12×2=24; फिर जोड़कर 221।,pending_review,,993aff96db7e3209
IBPS_RRB_PRELIMS_BULK_4000_MCQ_HINDI(1).txt,2401,IBPS RRB Prelims,Simplification,Simplification,,Moderate,Hindi,सरलीकरण करें: 137+4×11,सरलीकरण करें: 137+4×11,,181,184,178,187,A,पहले गुणा: 4×11=44; फिर जोड़कर 181।,pending_review,,cf57236488a00848
IBPS_RRB_PRELIMS_BULK_4000_MCQ_HINDI(1).txt,2402,IBPS RRB Prelims,Simplification,Simplification,,Moderate,Hindi,सरलीकरण करें: 1386÷9+8,सरलीकरण करें: 1386÷9+8,,162,165,159,168,A,1386÷9=154; फिर +8=162।,pending_review,,8bb1fdfb067c926e
IBPS_RRB_PRELIMS_BULK_4000_MCQ_HINDI(1).txt,2403,IBPS RRB Prelims,Simplification,Simplification,,Moderate,Hindi,सरलीकरण करें: (127+20)×6,सरलीकरण करें: (127+20)×6,,882,885,879,888,A,पहले कोष्ठक: 147; फिर ×6 = 882।,pending_review,,13bc2962c988495a
IBPS_RRB_PRELIMS_BULK_4000_MCQ_HINDI(1).txt,2404,IBPS RRB Prelims,Simplification,Simplification,,Moderate,Hindi,सरलीकरण करें: 715÷11−9,सरलीकरण करें: 715÷11−9,,56,59,53,62,A,715÷11=65; फिर −9=56।,pending_review,,037a45d68c4f6064
IBPS_RRB_PRELIMS_BULK_4000_MCQ_HINDI(1).txt,2405,IBPS RRB Prelims,Simplification,Simplification,,Moderate,Hindi,सरलीकरण करें: (158+5)×17,सरलीकरण करें: (158+5)×17,,2771,2774,2768,2777,A,पहले कोष्ठक: 163; फिर ×17 = 2771।,pending_review,,61b24a306c8d20d6
IBPS_RRB_PRELIMS_BULK_4000_MCQ_HINDI(1).txt,2406,IBPS RRB Prelims,Simplification,Simplification,,Moderate,Hindi,सरलीकरण करें: 2198÷14+14,सरलीकरण करें: 2198÷14+14,,171,174,168,177,A,2198÷14=157; फिर +14=171।,pending_review,,65c9aef1a317d4e8
IBPS_RRB_PRELIMS_BULK_4000_MCQ_HINDI(1).txt,2407,IBPS RRB Prelims,Simplification,Simplification,,Moderate,Hindi,सरलीकरण करें: 142+5×16,सरलीकरण करें: 142+5×16,,222,225,219,228,A,पहले गुणा: 5×16=80; फिर जोड़कर 222।,pending_review,,e1e7ee19d7cbe289
IBPS_RRB_PRELIMS_BULK_4000_MCQ_HINDI(1).txt,2408,IBPS RRB Prelims,Simplification,Simplification,,Moderate,Hindi,सरलीकरण करें: 1876÷14+14,सरलीकरण करें: 1876÷14+14,,148,151,145,154,A,1876÷14=134; फिर +14=148।,pending_review,,f952fa8531acbfb2
IBPS_RRB_PRELIMS_BULK_4000_MCQ_HINDI(1).txt,2409,IBPS RRB Prelims,Simplification,Simplification,,Moderate,Hindi,सरलीकरण करें: 1680÷20−14,सरलीकरण करें: 1680÷20−14,,70,73,67,76,A,1680÷20=84; फिर −14=70।,pending_review,,c6857d23896fed87
IBPS_RRB_PRELIMS_BULK_4000_MCQ_HINDI(1).txt,2410,IBPS RRB Prelims,Simplification,Simplification,,Moderate,Hindi,सरलीकरण करें: (73+3)×10,सरलीकरण करें: (73+3)×10,,760,763,757,766,A,पहले कोष्ठक: 76; फिर ×10 = 760।,pending_review,,1efa8f567ac162cb
IBPS_RRB_PRELIMS_BULK_4000_MCQ_HINDI(1).txt,2411,IBPS RRB Prelims,Simplification,Simplification,,Moderate,Hindi,सरलीकरण करें: 2535÷13−18,सरलीकरण करें: 2535÷13−18,,177,180,174,183,A,2535÷13=195; फिर −18=177।,pending_review,,09dc2300157d257b
IBPS_RRB_PRELIMS_BULK_4000_MCQ_HINDI(1).txt,2412,IBPS RRB Prelims,Simplification,Simplification,,Moderate,Hindi,सरलीकरण करें: 1620÷9−15,सरलीकरण करें: 1620÷9−15,,165,168,162,171,A,1620÷9=180; फिर −15=165।,pending_review,,e2aae153ba147ff6
IBPS_RRB_PRELIMS_BULK_4000_MCQ_HINDI(1).txt,2413,IBPS RRB Prelims,Simplification,Simplification,,Moderate,Hindi,सरलीकरण करें: 163+19×17,सरलीकरण करें: 163+19×17,,486,489,483,492,A,पहले गुणा: 19×17=323; फिर जोड़कर 486।,pending_review,,825188b6c8686fe9
IBPS_RRB_PRELIMS_BULK_4000_MCQ_HINDI(1).txt,2414,IBPS RRB Prelims,Simplification,Simplification,,Moderate,Hindi,सरलीकरण करें: 2025÷15+9,सरलीकरण करें: 2025÷15+9,,144,147,141,150,A,2025÷15=135; फिर +9=144।,pending_review,,5fc591d99c71fbb0
IBPS_RRB_PRELIMS_BULK_4000_MCQ_HINDI(1).txt,2415,IBPS RRB Prelims,Simplification,Simplification,,Moderate,Hindi,सरलीकरण करें: 132÷2+4,सरलीकरण करें: 132÷2+4,,70,73,67,76,A,132÷2=66; फिर +4=70।,pending_review,,053f75048a602f21
IBPS_RRB_PRELIMS_BULK_4000_MCQ_HINDI(1).txt,2416,IBPS RRB Prelims,Simplification,Simplification,,Moderate,Hindi,सरलीकरण करें: 1848÷14+7,सरलीकरण करें: 1848÷14+7,,139,142,136,145,A,1848÷14=132; फिर +7=139।,pending_review,,a13c5d4fcfae6e79
IBPS_RRB_PRELIMS_BULK_4000_MCQ_HINDI(1).txt,2417,IBPS RRB Prelims,Simplification,Simplification,,Moderate,Hindi,सरलीकरण करें: (104+10)×14,सरलीकरण करें: (104+10)×14,,1596,1599,1593,1602,A,पहले कोष्ठक: 114; फिर ×14 = 1596।,pending_review,,7e661823e5f8438c
IBPS_RRB_PRELIMS_BULK_4000_MCQ_HINDI(1).txt,2418,IBPS RRB Prelims,Simplification,Simplification,,Moderate,Hindi,सरलीकरण करें: 1494÷18+12,सरलीकरण करें: 1494÷18+12,,95,98,92,101,A,1494÷18=83; फिर +12=95।,pending_review,,1b97260117ebb4dd
IBPS_RRB_PRELIMS_BULK_4000_MCQ_HINDI(1).txt,2419,IBPS RRB Prelims,Simplification,Simplification,,Moderate,Hindi,सरलीकरण करें: 663÷13−16,सरलीकरण करें: 663÷13−16,,35,38,32,41,A,663÷13=51; फिर −16=35।,pending_review,,9d37f2d58ddf783f
IBPS_RRB_PRELIMS_BULK_4000_MCQ_HINDI(1).txt,2420,IBPS RRB Prelims,Simplification,Simplification,,Moderate,Hindi,सरलीकरण करें: (101+17)×11,सरलीकरण करें: (101+17)×11,,1298,1301,1295,1304,A,पहले कोष्ठक: 118; फिर ×11 = 1298।,pending_review,,264eec82f77a638b
IBPS_RRB_PRELIMS_BULK_4000_MCQ_HINDI(1).txt,2421,IBPS RRB Prelims,Simplification,Simplification,,Moderate,Hindi,सरलीकरण करें: 1924÷13−13,सरलीकरण करें: 1924÷13−13,,135,138,132,141,A,1924÷13=148; फिर −13=135।,pending_review,,4e183c805134274b
IBPS_RRB_PRELIMS_BULK_4000_MCQ_HINDI(1).txt,2422,IBPS RRB Prelims,Simplification,Simplification,,Moderate,Hindi,सरलीकरण करें: 522÷18−17,सरलीकरण करें: 522÷18−17,,12,15,9,18,A,522÷18=29; फिर −17=12।,pending_review,,203d1b84ea6f21f6
IBPS_RRB_PRELIMS_BULK_4000_MCQ_HINDI(1).txt,2423,IBPS RRB Prelims,Simplification,Simplification,,Moderate,Hindi,सरलीकरण करें: (22+4)×4,सरलीकरण करें: (22+4)×4,,104,107,101,110,A,पहले कोष्ठक: 26; फिर ×4 = 104।,pending_review,,92cdb7c69162427c
IBPS_RRB_PRELIMS_BULK_4000_MCQ_HINDI(1).txt,2424,IBPS RRB Prelims,Simplification,Simplification,,Moderate,Hindi,सरलीकरण करें: 62+8×7,सरलीकरण करें: 62+8×7,,118,121,115,124,A,पहले गुणा: 8×7=56; फिर जोड़कर 118।,pending_review,,158fc4dbe04755fd
IBPS_RRB_PRELIMS_BULK_4000_MCQ_HINDI(1).txt,2425,IBPS RRB Prelims,Simplification,Simplification,,Moderate,Hindi,सरलीकरण करें: 1395÷9+18,सरलीकरण करें: 1395÷9+18,,173,176,170,179,A,1395÷9=155; फिर +18=173।,pending_review,,04c281bb59748694
IBPS_RRB_PRELIMS_BULK_4000_MCQ_HINDI(1).txt,2426,IBPS RRB Prelims,Simplification,Simplification,,Moderate,Hindi,सरलीकरण करें: 512÷8+11,सरलीकरण करें: 512÷8+11,,75,78,72,81,A,512÷8=64; फिर +11=75।,pending_review,,da2f4da97db23bba
IBPS_RRB_PRELIMS_BULK_4000_MCQ_HINDI(1).txt,2427,IBPS RRB Prelims,Simplification,Simplification,,Moderate,Hindi,सरलीकरण करें: (111+7)×8,सरलीकरण करें: (111+7)×8,,944,947,941,950,A,पहले कोष्ठक: 118; फिर ×8 = 944।,pending_review,,dc4aec19c967c423
IBPS_RRB_PRELIMS_BULK_4000_MCQ_HINDI(1).txt,2428,IBPS RRB Prelims,Simplification,Simplification,,Moderate,Hindi,सरलीकरण करें: (36+5)×11,सरलीकरण करें: (36+5)×11,,451,454,448,457,A,पहले कोष्ठक: 41; फिर ×11 = 451।,pending_review,,96e0b46e80195be7
IBPS_RRB_PRELIMS_BULK_4000_MCQ_HINDI(1).txt,2429,IBPS RRB Prelims,Simplification,Simplification,,Moderate,Hindi,सरलीकरण करें: 75+9×4,सरलीकरण करें: 75+9×4,,111,114,108,117,A,पहले गुणा: 9×4=36; फिर जोड़कर 111।,pending_review,,b60d9d5412758a13
IBPS_RRB_PRELIMS_BULK_4000_MCQ_HINDI(1).txt,2430,IBPS RRB Prelims,Simplification,Simplification,,Moderate,Hindi,सरलीकरण करें: (185+7)×12,सरलीकरण करें: (185+7)×12,,2304,2307,2301,2310,A,पहले कोष्ठक: 192; फिर ×12 = 2304।,pending_review,,0c719a8ffb453f98
IBPS_RRB_PRELIMS_BULK_4000_MCQ_HINDI(1).txt,2431,IBPS RRB Prelims,Simplification,Simplification,,Moderate,Hindi,सरलीकरण करें: 1490÷10+16,सरलीकरण करें: 1490÷10+16,,165,168,162,171,A,1490÷10=149; फिर +16=165।,pending_review,,ac7aa4f6eec18ff4
IBPS_RRB_PRELIMS_BULK_4000_MCQ_HINDI(1).txt,2432,IBPS RRB Prelims,Simplification,Simplification,,Moderate,Hindi,सरलीकरण करें: 191+20×10,सरलीकरण करें: 191+20×10,,391,394,388,397,A,पहले गुणा: 20×10=200; फिर जोड़कर 391।,pending_review,,b3dcbb680f352a0b
IBPS_RRB_PRELIMS_BULK_4000_MCQ_HINDI(1).txt,2433,IBPS RRB Prelims,Simplification,Simplification,,Moderate,Hindi,सरलीकरण करें: (128+12)×6,सरलीकरण करें: (128+12)×6,,840,843,837,846,A,पहले कोष्ठक: 140; फिर ×6 = 840।,pending_review,,932e28db5f5ebe18
IBPS_RRB_PRELIMS_BULK_4000_MCQ_HINDI(1).txt,2434,IBPS RRB Prelims,Simplification,Simplification,,Moderate,Hindi,सरलीकरण करें: (27+7)×19,सरलीकरण करें: (27+7)×19,,646,649,643,652,A,पहले कोष्ठक: 34; फिर ×19 = 646।,pending_review,,33efdb9aecd943c7
IBPS_RRB_PRELIMS_BULK_4000_MCQ_HINDI(1).txt,2435,IBPS RRB Prelims,Simplification,Simplification,,Moderate,Hindi,सरलीकरण करें: (64+16)×7,सरलीकरण करें: (64+16)×7,,560,563,557,566,A,पहले कोष्ठक: 80; फिर ×7 = 560।,pending_review,,dc08ca0d5c5b689d
IBPS_RRB_PRELIMS_BULK_4000_MCQ_HINDI(1).txt,2436,IBPS RRB Prelims,Simplification,Simplification,,Moderate,Hindi,सरलीकरण करें: 177+3×19,सरलीकरण करें: 177+3×19,,234,237,231,240,A,पहले गुणा: 3×19=57; फिर जोड़कर 234।,pending_review,,1cd8b7645ec6cc6e
IBPS_RRB_PRELIMS_BULK_4000_MCQ_HINDI(1).txt,2437,IBPS RRB Prelims,Simplification,Simplification,,Moderate,Hindi,सरलीकरण करें: 40+7×19,सरलीकरण करें: 40+7×19,,173,176,170,179,A,पहले गुणा: 7×19=133; फिर जोड़कर 173।,pending_review,,2f66c00d73fa144d
IBPS_RRB_PRELIMS_BULK_4000_MCQ_HINDI(1).txt,2438,IBPS RRB Prelims,Simplification,Simplification,,Moderate,Hindi,सरलीकरण करें: 2160÷16−9,सरलीकरण करें: 2160÷16−9,,126,129,123,132,A,2160÷16=135; फिर −9=126।,pending_review,,852462520c9845ec
IBPS_RRB_PRELIMS_BULK_4000_MCQ_HINDI(1).txt,2439,IBPS RRB Prelims,Simplification,Simplification,,Moderate,Hindi,सरलीकरण करें: 139+3×10,सरलीकरण करें: 139+3×10,,169,172,166,175,A,पहले गुणा: 3×10=30; फिर जोड़कर 169।,pending_review,,85668e339c649ffa
IBPS_RRB_PRELIMS_BULK_4000_MCQ_HINDI(1).txt,2440,IBPS RRB Prelims,Simplification,Simplification,,Moderate,Hindi,सरलीकरण करें: 98+2×14,सरलीकरण करें: 98+2×14,,126,129,123,132,A,पहले गुणा: 2×14=28; फिर जोड़कर 126।,pending_review,,f01fbbf67ea920a5
IBPS_RRB_PRELIMS_BULK_4000_MCQ_HINDI(1).txt,2441,IBPS RRB Prelims,Simplification,Simplification,,Moderate,Hindi,सरलीकरण करें: 170+4×20,सरलीकरण करें: 170+4×20,,250,253,247,256,A,पहले गुणा: 4×20=80; फिर जोड़कर 250।,pending_review,,1fe377e7a0b8a882
IBPS_RRB_PRELIMS_BULK_4000_MCQ_HINDI(1).txt,2442,IBPS RRB Prelims,Simplification,Simplification,,Moderate,Hindi,सरलीकरण करें: 46+18×11,सरलीकरण करें: 46+18×11,,244,247,241,250,A,पहले गुणा: 18×11=198; फिर जोड़कर 244।,pending_review,,c302564a96e2cda0
IBPS_RRB_PRELIMS_BULK_4000_MCQ_HINDI(1).txt,2443,IBPS RRB Prelims,Simplification,Simplification,,Moderate,Hindi,सरलीकरण करें: (118+9)×4,सरलीकरण करें: (118+9)×4,,508,511,505,514,A,पहले कोष्ठक: 127; फिर ×4 = 508।,pending_review,,aa2bfcb387fe4c69
IBPS_RRB_PRELIMS_BULK_4000_MCQ_HINDI(1).txt,2444,IBPS RRB Prelims,Simplification,Simplification,,Moderate,Hindi,सरलीकरण करें: (76+8)×15,सरलीकरण करें: (76+8)×15,,1260,1263,1257,1266,A,पहले कोष्ठक: 84; फिर ×15 = 1260।,pending_review,,6b8ba164a7b4bc5a
IBPS_RRB_PRELIMS_BULK_4000_MCQ_HINDI(1).txt,2445,IBPS RRB Prelims,Simplification,Simplification,,Moderate,Hindi,सरलीकरण करें: 1080÷12+12,सरलीकरण करें: 1080÷12+12,,102,105,99,108,A,1080÷12=90; फिर +12=102।,pending_review,,fc544df73576d838
IBPS_RRB_PRELIMS_BULK_4000_MCQ_HINDI(1).txt,2446,IBPS RRB Prelims,Simplification,Simplification,,Moderate,Hindi,सरलीकरण करें: 170+9×9,सरलीकरण करें: 170+9×9,,251,254,248,257,A,पहले गुणा: 9×9=81; फिर जोड़कर 251।,pending_review,,4d7e0ac75db78f72
IBPS_RRB_PRELIMS_BULK_4000_MCQ_HINDI(1).txt,2447,IBPS RRB Prelims,Simplification,Simplification,,Moderate,Hindi,सरलीकरण करें: 1460÷10+18,सरलीकरण करें: 1460÷10+18,,164,167,161,170,A,1460÷10=146; फिर +18=164।,pending_review,,5b949faa0ec37c0f
IBPS_RRB_PRELIMS_BULK_4000_MCQ_HINDI(1).txt,2448,IBPS RRB Prelims,Simplification,Simplification,,Moderate,Hindi,सरलीकरण करें: 216÷3−15,सरलीकरण करें: 216÷3−15,,57,60,54,63,A,216÷3=72; फिर −15=57।,pending_review,,743215aa8e6ad6a7
IBPS_RRB_PRELIMS_BULK_4000_MCQ_HINDI(1).txt,2449,IBPS RRB Prelims,Simplification,Simplification,,Moderate,Hindi,सरलीकरण करें: 2758÷14+8,सरलीकरण करें: 2758÷14+8,,205,208,202,211,A,2758÷14=197; फिर +8=205।,pending_review,,488ad0cdb56dc899
IBPS_RRB_PRELIMS_BULK_4000_MCQ_HINDI(1).txt,2450,IBPS RRB Prelims,Simplification,Simplification,,Moderate,Hindi,सरलीकरण करें: (46+3)×8,सरलीकरण करें: (46+3)×8,,392,395,389,398,A,पहले कोष्ठक: 49; फिर ×8 = 392।,pending_review,,491f57e7ef395e94
IBPS_RRB_PRELIMS_BULK_4000_MCQ_HINDI(1).txt,2451,IBPS RRB Prelims,Simplification,Simplification,,Moderate,Hindi,सरलीकरण करें: 2067÷13+8,सरलीकरण करें: 2067÷13+8,,167,170,164,173,A,2067÷13=159; फिर +8=167।,pending_review,,b3c71683e7c6aa92
IBPS_RRB_PRELIMS_BULK_4000_MCQ_HINDI(1).txt,2452,IBPS RRB Prelims,Simplification,Simplification,,Moderate,Hindi,सरलीकरण करें: 136÷2−11,सरलीकरण करें: 136÷2−11,,57,60,54,63,A,136÷2=68; फिर −11=57।,pending_review,,f37a93232b32c173
IBPS_RRB_PRELIMS_BULK_4000_MCQ_HINDI(1).txt,2453,IBPS RRB Prelims,Simplification,Simplification,,Moderate,Hindi,सरलीकरण करें: 111+14×5,सरलीकरण करें: 111+14×5,,181,184,178,187,A,पहले गुणा: 14×5=70; फिर जोड़कर 181।,pending_review,,284f71a106936297
IBPS_RRB_PRELIMS_BULK_4000_MCQ_HINDI(1).txt,2454,IBPS RRB Prelims,Simplification,Simplification,,Moderate,Hindi,सरलीकरण करें: 732÷12+8,सरलीकरण करें: 732÷12+8,,69,72,66,75,A,732÷12=61; फिर +8=69।,pending_review,,82ab997e044734ef
IBPS_RRB_PRELIMS_BULK_4000_MCQ_HINDI(1).txt,2455,IBPS RRB Prelims,Simplification,Simplification,,Moderate,Hindi,सरलीकरण करें: 1110÷15+2,सरलीकरण करें: 1110÷15+2,,76,79,73,82,A,1110÷15=74; फिर +2=76।,pending_review,,56b0bbc45981e469
IBPS_RRB_PRELIMS_BULK_4000_MCQ_HINDI(1).txt,2456,IBPS RRB Prelims,Simplification,Simplification,,Moderate,Hindi,सरलीकरण करें: 1700÷17−2,सरलीकरण करें: 1700÷17−2,,98,101,95,104,A,1700÷17=100; फिर −2=98।,pending_review,,0d5e456c296575b5
IBPS_RRB_PRELIMS_BULK_4000_MCQ_HINDI(1).txt,2457,IBPS RRB Prelims,Simplification,Simplification,,Moderate,Hindi,सरलीकरण करें: (144+13)×6,सरलीकरण करें: (144+13)×6,,942,945,939,948,A,पहले कोष्ठक: 157; फिर ×6 = 942।,pending_review,,47e288305d9f5ccf
IBPS_RRB_PRELIMS_BULK_4000_MCQ_HINDI(1).txt,2458,IBPS RRB Prelims,Simplification,Simplification,,Moderate,Hindi,सरलीकरण करें: 604÷4−20,सरलीकरण करें: 604÷4−20,,131,134,128,137,A,604÷4=151; फिर −20=131।,pending_review,,11aab73e56d8cd1a
IBPS_RRB_PRELIMS_BULK_4000_MCQ_HINDI(1).txt,2459,IBPS RRB Prelims,Simplification,Simplification,,Moderate,Hindi,सरलीकरण करें: 752÷16−9,सरलीकरण करें: 752÷16−9,,38,41,35,44,A,752÷16=47; फिर −9=38।,pending_review,,0e20f9d13e67dd7e
IBPS_RRB_PRELIMS_BULK_4000_MCQ_HINDI(1).txt,2460,IBPS RRB Prelims,Simplification,Simplification,,Moderate,Hindi,सरलीकरण करें: 960÷15+10,सरलीकरण करें: 960÷15+10,,74,77,71,80,A,960÷15=64; फिर +10=74।,pending_review,,97fb85c145b0851e
IBPS_RRB_PRELIMS_BULK_4000_MCQ_HINDI(1).txt,2461,IBPS RRB Prelims,Simplification,Simplification,,Moderate,Hindi,सरलीकरण करें: 99+11×17,सरलीकरण करें: 99+11×17,,286,289,283,292,A,पहले गुणा: 11×17=187; फिर जोड़कर 286।,pending_review,,023e8e28ea4de8a6
IBPS_RRB_PRELIMS_BULK_4000_MCQ_HINDI(1).txt,2462,IBPS RRB Prelims,Simplification,Simplification,,Moderate,Hindi,सरलीकरण करें: (68+4)×2,सरलीकरण करें: (68+4)×2,,144,147,141,150,A,पहले कोष्ठक: 72; फिर ×2 = 144।,pending_review,,fed1bbdf8d784152
IBPS_RRB_PRELIMS_BULK_4000_MCQ_HINDI(1).txt,2463,IBPS RRB Prelims,Simplification,Simplification,,Moderate,Hindi,सरलीकरण करें: 111+5×20,सरलीकरण करें: 111+5×20,,211,214,208,217,A,पहले गुणा: 5×20=100; फिर जोड़कर 211।,pending_review,,8217db6cef71bd57
IBPS_RRB_PRELIMS_BULK_4000_MCQ_HINDI(1).txt,2464,IBPS RRB Prelims,Simplification,Simplification,,Moderate,Hindi,सरलीकरण करें: 174÷3−19,सरलीकरण करें: 174÷3−19,,39,42,36,45,A,174÷3=58; फिर −19=39।,pending_review,,7afcf4e395ef238e
IBPS_RRB_PRELIMS_BULK_4000_MCQ_HINDI(1).txt,2465,IBPS RRB Prelims,Simplification,Simplification,,Moderate,Hindi,सरलीकरण करें: 468÷3+3,सरलीकरण करें: 468÷3+3,,159,162,156,165,A,468÷3=156; फिर +3=159।,pending_review,,c7c3ddaf9f856ff7
IBPS_RRB_PRELIMS_BULK_4000_MCQ_HINDI(1).txt,2466,IBPS RRB Prelims,Simplification,Simplification,,Moderate,Hindi,सरलीकरण करें: 408÷6+18,सरलीकरण करें: 408÷6+18,,86,89,83,92,A,408÷6=68; फिर +18=86।,pending_review,,a85d76a0329ffbef
IBPS_RRB_PRELIMS_BULK_4000_MCQ_HINDI(1).txt,2467,IBPS RRB Prelims,Simplification,Simplification,,Moderate,Hindi,सरलीकरण करें: 2160÷15−19,सरलीकरण करें: 2160÷15−19,,125,128,122,131,A,2160÷15=144; फिर −19=125।,pending_review,,85e8219dc0facf1e
IBPS_RRB_PRELIMS_BULK_4000_MCQ_HINDI(1).txt,2468,IBPS RRB Prelims,Simplification,Simplification,,Moderate,Hindi,सरलीकरण करें: (58+20)×7,सरलीकरण करें: (58+20)×7,,546,549,543,552,A,पहले कोष्ठक: 78; फिर ×7 = 546।,pending_review,,96a9f6a1c2b35409
IBPS_RRB_PRELIMS_BULK_4000_MCQ_HINDI(1).txt,2469,IBPS RRB Prelims,Simplification,Simplification,,Moderate,Hindi,सरलीकरण करें: 630÷5+13,सरलीकरण करें: 630÷5+13,,139,142,136,145,A,630÷5=126; फिर +13=139।,pending_review,,035974963bd83947
IBPS_RRB_PRELIMS_BULK_4000_MCQ_HINDI(1).txt,2470,IBPS RRB Prelims,Simplification,Simplification,,Moderate,Hindi,सरलीकरण करें: 3173÷19+15,सरलीकरण करें: 3173÷19+15,,182,185,179,188,A,3173÷19=167; फिर +15=182।,pending_review,,6b1d7959e3f5e543
IBPS_RRB_PRELIMS_BULK_4000_MCQ_HINDI(1).txt,2471,IBPS RRB Prelims,Simplification,Simplification,,Moderate,Hindi,सरलीकरण करें: 1160÷20+19,सरलीकरण करें: 1160÷20+19,,77,80,74,83,A,1160÷20=58; फिर +19=77।,pending_review,,44b4894716db492c
IBPS_RRB_PRELIMS_BULK_4000_MCQ_HINDI(1).txt,2472,IBPS RRB Prelims,Simplification,Simplification,,Moderate,Hindi,सरलीकरण करें: 893÷19−8,सरलीकरण करें: 893÷19−8,,39,42,36,45,A,893÷19=47; फिर −8=39।,pending_review,,6cfad345c6e8dc89
IBPS_RRB_PRELIMS_BULK_4000_MCQ_HINDI(1).txt,2473,IBPS RRB Prelims,Simplification,Simplification,,Moderate,Hindi,सरलीकरण करें: 44+5×9,सरलीकरण करें: 44+5×9,,89,92,86,95,A,पहले गुणा: 5×9=45; फिर जोड़कर 89।,pending_review,,c3d5ccec4b2d46d9
IBPS_RRB_PRELIMS_BULK_4000_MCQ_HINDI(1).txt,2474,IBPS RRB Prelims,Simplification,Simplification,,Moderate,Hindi,सरलीकरण करें: 114+7×7,सरलीकरण करें: 114+7×7,,163,166,160,169,A,पहले गुणा: 7×7=49; फिर जोड़कर 163।,pending_review,,5e8a2a1e08bc6e97
IBPS_RRB_PRELIMS_BULK_4000_MCQ_HINDI(1).txt,2475,IBPS RRB Prelims,Simplification,Simplification,,Moderate,Hindi,सरलीकरण करें: 942÷6+2,सरलीकरण करें: 942÷6+2,,159,162,156,165,A,942÷6=157; फिर +2=159।,pending_review,,69cb71a6f5c13676
IBPS_RRB_PRELIMS_BULK_4000_MCQ_HINDI(1).txt,2476,IBPS RRB Prelims,Simplification,Simplification,,Moderate,Hindi,सरलीकरण करें: 124+18×19,सरलीकरण करें: 124+18×19,,466,469,463,472,A,पहले गुणा: 18×19=342; फिर जोड़कर 466।,pending_review,,ea04b78127edf858
IBPS_RRB_PRELIMS_BULK_4000_MCQ_HINDI(1).txt,2477,IBPS RRB Prelims,Simplification,Simplification,,Moderate,Hindi,सरलीकरण करें: 72+20×4,सरलीकरण करें: 72+20×4,,152,155,149,158,A,पहले गुणा: 20×4=80; फिर जोड़कर 152।,pending_review,,b8c8bf5150cb0dde
IBPS_RRB_PRELIMS_BULK_4000_MCQ_HINDI(1).txt,2478,IBPS RRB Prelims,Simplification,Simplification,,Moderate,Hindi,सरलीकरण करें: 65+11×5,सरलीकरण करें: 65+11×5,,120,123,117,126,A,पहले गुणा: 11×5=55; फिर जोड़कर 120।,pending_review,,2102feca614e5c64
IBPS_RRB_PRELIMS_BULK_4000_MCQ_HINDI(1).txt,2479,IBPS RRB Prelims,Simplification,Simplification,,Moderate,Hindi,सरलीकरण करें: (146+15)×3,सरलीकरण करें: (146+15)×3,,483,486,480,489,A,पहले कोष्ठक: 161; फिर ×3 = 483।,pending_review,,fbdad9f4712bb03a
IBPS_RRB_PRELIMS_BULK_4000_MCQ_HINDI(1).txt,2480,IBPS RRB Prelims,Simplification,Simplification,,Moderate,Hindi,सरलीकरण करें: 1610÷14−9,सरलीकरण करें: 1610÷14−9,,106,109,103,112,A,1610÷14=115; फिर −9=106।,pending_review,,f81b6b9145e0731a
IBPS_RRB_PRELIMS_BULK_4000_MCQ_HINDI(1).txt,2481,IBPS RRB Prelims,Simplification,Simplification,,Moderate,Hindi,सरलीकरण करें: 775÷5−15,सरलीकरण करें: 775÷5−15,,140,143,137,146,A,775÷5=155; फिर −15=140।,pending_review,,24a653f1b77b0b23
IBPS_RRB_PRELIMS_BULK_4000_MCQ_HINDI(1).txt,2482,IBPS RRB Prelims,Simplification,Simplification,,Moderate,Hindi,सरलीकरण करें: 3294÷18−8,सरलीकरण करें: 3294÷18−8,,175,178,172,181,A,3294÷18=183; फिर −8=175।,pending_review,,a2d391bfc29291a3
IBPS_RRB_PRELIMS_BULK_4000_MCQ_HINDI(1).txt,2483,IBPS RRB Prelims,Simplification,Simplification,,Moderate,Hindi,सरलीकरण करें: 944÷16+20,सरलीकरण करें: 944÷16+20,,79,82,76,85,A,944÷16=59; फिर +20=79।,pending_review,,05a44d1e94b086cd
IBPS_RRB_PRELIMS_BULK_4000_MCQ_HINDI(1).txt,2484,IBPS RRB Prelims,Simplification,Simplification,,Moderate,Hindi,सरलीकरण करें: 357÷3+9,सरलीकरण करें: 357÷3+9,,128,131,125,134,A,357÷3=119; फिर +9=128।,pending_review,,68923c687bf60f48
IBPS_RRB_PRELIMS_BULK_4000_MCQ_HINDI(1).txt,2485,IBPS RRB Prelims,Simplification,Simplification,,Moderate,Hindi,सरलीकरण करें: 792÷8−19,सरलीकरण करें: 792÷8−19,,80,83,77,86,A,792÷8=99; फिर −19=80।,pending_review,,929918de9184b86d
IBPS_RRB_PRELIMS_BULK_4000_MCQ_HINDI(1).txt,2486,IBPS RRB Prelims,Simplification,Simplification,,Moderate,Hindi,सरलीकरण करें: (130+10)×14,सरलीकरण करें: (130+10)×14,,1960,1963,1957,1966,A,पहले कोष्ठक: 140; फिर ×14 = 1960।,pending_review,,9527881b7d0ab1bb
IBPS_RRB_PRELIMS_BULK_4000_MCQ_HINDI(1).txt,2487,IBPS RRB Prelims,Simplification,Simplification,,Moderate,Hindi,सरलीकरण करें: 528÷8−18,सरलीकरण करें: 528÷8−18,,48,51,45,54,A,528÷8=66; फिर −18=48।,pending_review,,8934105b6e64c06b
IBPS_RRB_PRELIMS_BULK_4000_MCQ_HINDI(1).txt,2488,IBPS RRB Prelims,Simplification,Simplification,,Moderate,Hindi,सरलीकरण करें: 576÷9−17,सरलीकरण करें: 576÷9−17,,47,50,44,53,A,576÷9=64; फिर −17=47।,pending_review,,d82e1cd690fc3007
IBPS_RRB_PRELIMS_BULK_4000_MCQ_HINDI(1).txt,2489,IBPS RRB Prelims,Simplification,Simplification,,Moderate,Hindi,सरलीकरण करें: (116+4)×11,सरलीकरण करें: (116+4)×11,,1320,1323,1317,1326,A,पहले कोष्ठक: 120; फिर ×11 = 1320।,pending_review,,5bfd4607ecac9b53
IBPS_RRB_PRELIMS_BULK_4000_MCQ_HINDI(1).txt,2490,IBPS RRB Prelims,Simplification,Simplification,,Moderate,Hindi,सरलीकरण करें: 390÷3+16,सरलीकरण करें: 390÷3+16,,146,149,143,152,A,390÷3=130; फिर +16=146।,pending_review,,d84f60652fb3a7a1
IBPS_RRB_PRELIMS_BULK_4000_MCQ_HINDI(1).txt,2491,IBPS RRB Prelims,Simplification,Simplification,,Moderate,Hindi,सरलीकरण करें: 980÷14−2,सरलीकरण करें: 980÷14−2,,68,71,65,74,A,980÷14=70; फिर −2=68।,pending_review,,8e462621545ca3c3
IBPS_RRB_PRELIMS_BULK_4000_MCQ_HINDI(1).txt,2492,IBPS RRB Prelims,Simplification,Simplification,,Moderate,Hindi,सरलीकरण करें: 123+2×16,सरलीकरण करें: 123+2×16,,155,158,152,161,A,पहले गुणा: 2×16=32; फिर जोड़कर 155।,pending_review,,29a768aa4e9f9ea3
IBPS_RRB_PRELIMS_BULK_4000_MCQ_HINDI(1).txt,2493,IBPS RRB Prelims,Simplification,Simplification,,Moderate,Hindi,सरलीकरण करें: 1730÷10−13,सरलीकरण करें: 1730÷10−13,,160,163,157,166,A,1730÷10=173; फिर −13=160।,pending_review,,c6d10118eba508c5
IBPS_RRB_PRELIMS_BULK_4000_MCQ_HINDI(1).txt,2494,IBPS RRB Prelims,Simplification,Simplification,,Moderate,Hindi,सरलीकरण करें: 154+17×6,सरलीकरण करें: 154+17×6,,256,259,253,262,A,पहले गुणा: 17×6=102; फिर जोड़कर 256।,pending_review,,7842a1cf9fb4bdd6
IBPS_RRB_PRELIMS_BULK_4000_MCQ_HINDI(1).txt,2495,IBPS RRB Prelims,Simplification,Simplification,,Moderate,Hindi,सरलीकरण करें: (182+17)×2,सरलीकरण करें: (182+17)×2,,398,401,395,404,A,पहले कोष्ठक: 199; फिर ×2 = 398।,pending_review,,3836f39a0da2676d
IBPS_RRB_PRELIMS_BULK_4000_MCQ_HINDI(1).txt,2496,IBPS RRB Prelims,Simplification,Simplification,,Moderate,Hindi,सरलीकरण करें: 61+15×10,सरलीकरण करें: 61+15×10,,211,214,208,217,A,पहले गुणा: 15×10=150; फिर जोड़कर 211।,pending_review,,73c71084fe813be8
IBPS_RRB_PRELIMS_BULK_4000_MCQ_HINDI(1).txt,2497,IBPS RRB Prelims,Simplification,Simplification,,Moderate,Hindi,सरलीकरण करें: 332÷4−18,सरलीकरण करें: 332÷4−18,,65,68,62,71,A,332÷4=83; फिर −18=65।,pending_review,,f5bf74d512d4ddf8
IBPS_RRB_PRELIMS_BULK_4000_MCQ_HINDI(1).txt,2498,IBPS RRB Prelims,Simplification,Simplification,,Moderate,Hindi,सरलीकरण करें: 420÷14+17,सरलीकरण करें: 420÷14+17,,47,50,44,53,A,420÷14=30; फिर +17=47।,pending_review,,65d198ed6d144502
IBPS_RRB_PRELIMS_BULK_4000_MCQ_HINDI(1).txt,2499,IBPS RRB Prelims,Simplification,Simplification,,Moderate,Hindi,सरलीकरण करें: (81+5)×19,सरलीकरण करें: (81+5)×19,,1634,1637,1631,1640,A,पहले कोष्ठक: 86; फिर ×19 = 1634।,pending_review,,122996f4793fa2c3
IBPS_RRB_PRELIMS_BULK_4000_MCQ_HINDI(1).txt,2500,IBPS RRB Prelims,Simplification,Simplification,,Moderate,Hindi,सरलीकरण करें: (150+19)×10,सरलीकरण करें: (150+19)×10,,1690,1693,1687,1696,A,पहले कोष्ठक: 169; फिर ×10 = 1690।,pending_review,,9a35be71745b7e43
